CLIENTNUM,Customer_Age,Gender,Dependent_count,Education_Level,Marital_Status,Income_Category,Card_Category,Months_on_book,Total_Relationship_Count,Months_Inactive_12_mon,Contacts_Count_12_mon,Credit_Limit,Total_Revolving_Bal,Avg_Open_To_Buy,Total_Amt_Chng_Q4_Q1,Total_Trans_Amt,Total_Trans_Ct,Total_Ct_Chng_Q4_Q1,Avg_Utilization_Ratio
1,61,F,2,Post-Graduate,Married,Unknown,Blue,48,4,6,4,6427.931526236437,0,6427.931526236437,1.7694214307291762,2508,37,0.7176871711130901,0.1114825873614458
2,34,M,0,Graduate,Single,Less than $40K,Blue,50,4,5,5,1438.3,197,1241.3,0.2748044970127088,4357,57,2.2908261659947886,0.0
3,26,M,2,Graduate,Divorced,Less than $40K,Blue,26,4,0,4,2010.6201667881687,1187,823.6201667881687,0.32481170742887744,2324,43,0.0,0.28333484719498975
4,51,M,2,College,Married,$40K - $60K,Blue,34,4,2,5,1438.3,1111,327.29999999999995,0.4201936830544621,3396,88,1.7650331882840615,0.0
5,45,F,1,Uneducated,Single,Unknown,Blue,29,3,2,2,1438.3,0,1438.3,0.44465256923622437,3006,61,0.1319475904021577,0.0
6,45,M,3,Graduate,Married,$80K - $120K,Blue,29,1,4,3,11865.125999189382,455,11410.125999189382,0.33810113471509157,3132,73,1.889133094570207,0.0
7,56,M,1,High School,Single,Unknown,Blue,27,3,3,2,18165.17449727453,510,17655.17449727453,0.499638343123606,1775,36,1.008120253216915,0.9285370233996787
8,61,M,1,High School,Married,Less than $40K,Blue,46,5,3,5,7731.736521814813,1448,6283.736521814813,1.5791784540478924,521,10,0.4100675414207226,0.6896947876473999
9,39,M,0,Unknown,Married,Less than $40K,Blue,43,6,4,0,14718.269843523713,0,14718.269843523713,0.542264031225975,7774,111,0.0,0.38016007668128865
10,37,F,2,Graduate,Married,$40K - $60K,Blue,43,4,2,3,27239.053393669743,1323,25916.053393669743,1.882543593554991,3878,54,0.0,0.0
11,40,M,0,Graduate,Single,$60K - $80K,Blue,30,3,4,3,14511.895678565133,557,13954.895678565133,0.0,4308,60,0.6921801184890743,0.0
12,62,M,2,College,Single,Less than $40K,Blue,22,1,6,2,8714.271018386491,301,8413.271018386491,0.0,6931,92,0.0,0.0
13,48,F,3,Uneducated,Married,$40K - $60K,Blue,38,1,2,1,3367.696616665441,323,3044.696616665441,0.4385744477979136,5525,76,0.5248644460851923,0.528457294112365
14,42,F,2,Graduate,Single,Unknown,Blue,26,4,4,0,2330.7177875329708,1641,689.7177875329708,0.923171805248936,3129,46,0.0,0.14496017240736397
15,44,M,3,Graduate,Married,Less than $40K,Blue,15,3,0,1,1438.3,1515,3.0,0.0,5816,96,2.531863044359978,0.5490502217000917
16,55,F,2,High School,Unknown,$40K - $60K,Blue,40,1,2,5,16011.821588629155,2517,13494.821588629155,1.9016076616250308,1415,27,0.45909495451938637,0.4758763645808183
17,26,M,5,Graduate,Married,$120K +,Blue,30,2,0,6,8095.972708757862,1493,6602.972708757862,1.8957125325662323,3014,47,1.0313090519239732,0.223127851346357
18,30,M,2,Unknown,Single,$60K - $80K,Blue,13,2,2,0,14027.821426802537,992,13035.821426802537,0.2145661800648317,1024,18,0.0,0.0
19,45,M,3,Post-Graduate,Single,$60K - $80K,Blue,40,1,6,3,2737.938598690891,0,2737.938598690891,1.3064799324433491,2258,33,1.1236706593046009,0.7731160502755313
20,47,F,5,Unknown,Single,$40K - $60K,Blue,39,2,5,6,15497.266939290379,1371,14126.266939290379,0.2479106386286855,2058,46,1.5105630807501438,0.0
21,51,F,1,Post-Graduate,Married,$80K - $120K,Blue,32,4,1,4,1438.3,2517,3.0,0.2195177149421833,4232,62,0.3381563393074327,0.3411159420248443
22,51,F,4,College,Married,$40K - $60K,Blue,39,4,0,0,8530.417052714858,1822,6708.417052714858,0.4627028220110675,2643,40,0.6083710846971396,0.0
23,37,M,0,High School,Married,Unknown,Blue,14,4,0,5,2842.6332709809676,92,2750.6332709809676,0.5674932128534222,4419,66,0.0,0.5483472001298226
24,42,F,3,High School,Divorced,$80K - $120K,Blue,42,4,4,2,1438.3,174,1264.3,0.0,4278,69,0.9976103876017195,0.0
25,68,F,2,Graduate,Married,Less than $40K,Blue,41,4,1,6,19174.49542277457,452,18722.49542277457,1.522460033843854,2930,31,1.4028077682395157,0.042627595503746396
26,50,M,3,College,Married,Less than $40K,Blue,30,6,3,5,9778.41044045362,2099,7679.410440453619,0.609998943053968,6573,86,1.9948258408685868,0.0
27,46,M,0,Graduate,Single,$80K - $120K,Blue,56,2,4,4,1438.3,1325,113.29999999999995,0.0,652,10,0.0,0.999
28,61,F,1,Uneducated,Single,Less than $40K,Blue,40,2,0,6,5556.720950546885,0,5556.720950546885,1.493694247052735,2541,67,1.9833422561315328,0.40249388570568045
29,41,F,4,Graduate,Unknown,Less than $40K,Blue,42,4,2,5,8733.010704592654,1766,6967.010704592654,0.0,5695,85,1.5685900153323453,0.0
30,47,M,0,Unknown,Single,Less than $40K,Blue,43,3,3,3,13203.861907011622,771,12432.861907011622,0.9161712656322398,2529,50,0.17802442075281028,0.19868044492364234
31,39,F,4,High School,Single,$80K - $120K,Blue,36,4,1,2,23100.34777023153,560,22540.34777023153,0.1178865341808224,8037,109,0.20942917753196233,0.5748970013603485
32,54,F,3,Graduate,Married,$40K - $60K,Blue,29,2,3,2,1438.3,2251,3.0,0.4257396874836081,4858,63,0.07551819032043694,0.5399469251886427
33,46,M,4,College,Married,$60K - $80K,Blue,37,2,6,4,9640.883190801173,0,9640.883190801173,0.7493994448583116,4626,60,0.0,0.35401544511582084
34,50,F,2,Unknown,Married,Less than $40K,Blue,40,3,1,0,9464.062702221847,699,8765.062702221847,1.6457935465534976,4613,91,0.008416703377155055,0.193917079183211
35,42,F,3,High School,Married,$60K - $80K,Blue,31,4,1,2,10053.604594042601,0,10053.604594042601,1.0814733106148935,5266,71,0.0,0.7869897953790558
36,38,F,4,Doctorate,Single,$120K +,Blue,42,4,6,5,9959.296638003003,2046,7913.296638003003,0.4506812741597396,1098,18,0.0,0.6934908903931772
37,45,F,0,High School,Married,Less than $40K,Blue,36,1,0,1,8107.295250254838,671,7436.295250254838,0.973913836119437,4758,76,0.8889103877767353,0.0
38,28,M,0,High School,Married,$120K +,Blue,29,5,0,6,8476.043287212748,1151,7325.043287212748,0.6716856782783728,625,10,0.0,0.6418696449510344
39,66,F,4,Graduate,Married,$60K - $80K,Silver,41,5,0,2,5373.939675402009,0,5373.939675402009,0.00748508774730916,4818,63,0.6477652887927756,0.31996556066439097
40,39,M,2,Unknown,Married,Less than $40K,Blue,43,6,5,3,21634.73296559939,0,21634.73296559939,0.0,4652,71,0.057122171512629105,0.0
41,36,F,2,College,Divorced,Less than $40K,Blue,39,2,6,1,1438.3,0,1438.3,0.0,7573,91,2.5872097725296994,0.0
42,40,F,2,Uneducated,Married,$60K - $80K,Blue,24,3,5,0,1438.3,2269,3.0,2.0979299063371366,3252,44,0.0,0.2831172095397857
43,40,M,2,Doctorate,Single,$40K - $60K,Blue,33,6,0,0,3302.225828665666,931,2371.225828665666,0.0,5403,76,0.6108969574544303,0.0
44,31,F,1,Doctorate,Single,Less than $40K,Blue,56,4,4,3,7963.72396542993,28,7935.72396542993,1.210791883269505,5806,80,2.156812670694814,0.4966806115724486
45,48,M,5,Graduate,Married,$60K - $80K,Blue,36,3,2,3,6649.841241736503,770,5879.841241736503,0.0,2064,58,1.5297772449083746,0.09108585630418733
46,42,M,3,Graduate,Single,Less than $40K,Blue,46,3,2,0,16552.5759577803,456,16096.5759577803,0.13678218538599152,3368,41,0.0,0.04253390074249984
47,52,F,1,Unknown,Single,Less than $40K,Blue,36,2,2,4,13543.952554534237,1505,12038.952554534237,1.684186988462359,1312,38,0.0,0.24772478469209575
48,43,F,3,Graduate,Single,$40K - $60K,Blue,40,6,0,6,11999.79858572274,0,11999.79858572274,0.11571021058428077,4506,64,3.498996299184387,0.013749259312456342
49,53,F,2,Unknown,Married,$40K - $60K,Blue,36,1,3,2,1438.3,1281,157.29999999999995,0.0,1966,38,0.2876841436849152,0.5029833492343241
50,46,M,2,Unknown,Married,$80K - $120K,Blue,45,3,3,2,17053.9019588443,0,17053.9019588443,0.0,1493,25,1.3284685423932205,0.2391848527125442
51,37,F,0,Graduate,Single,Less than $40K,Blue,38,5,5,1,1438.3,2133,3.0,0.3547373649433262,3016,42,0.0,0.1554284241346492
52,40,F,1,College,Single,$80K - $120K,Blue,24,4,2,4,5389.966430630065,0,5389.966430630065,0.38030947087553807,6133,80,0.5965172880652373,0.06648183446148151
53,43,M,0,Post-Graduate,Single,$80K - $120K,Silver,55,3,4,2,18431.550075695417,288,18143.550075695417,0.0,5422,73,0.0,0.0
54,48,M,1,Uneducated,Married,Unknown,Blue,43,1,3,1,9972.922890270951,0,9972.922890270951,3.397,1249,22,0.035454699016766955,0.0
55,38,M,4,Graduate,Single,Less than $40K,Blue,33,3,0,2,1438.3,255,1183.3,0.7663533454913647,2924,38,1.2132080655472506,0.0
56,35,M,3,Unknown,Married,Less than $40K,Blue,21,2,0,3,8754.307279218341,0,8754.307279218341,1.1934822464671186,1719,47,0.41156390110863034,0.0
57,51,F,1,Unknown,Unknown,$80K - $120K,Blue,31,2,5,5,5792.088288230386,324,5468.088288230386,1.7063998319577784,2155,26,1.0784413203354093,0.3283700544446928
58,35,F,2,Unknown,Divorced,$60K - $80K,Blue,30,3,4,3,1438.3,511,927.3,1.3959324871569818,4711,63,0.33593199599397544,0.4077057915052471
59,54,F,4,High School,Single,$80K - $120K,Blue,42,4,3,5,11251.944728306582,1013,10238.944728306582,1.6722659976224556,3666,53,0.0,0.44285049080193195
60,47,F,3,Uneducated,Single,$40K - $60K,Blue,56,5,0,0,1438.3,460,978.3,0.0,3308,64,0.7809219560952863,0.402727425911078
61,44,F,3,Unknown,Divorced,$40K - $60K,Blue,30,5,1,3,1438.3,1840,3.0,0.5072038362895495,5625,75,2.631496717377139,0.0
62,40,M,1,Uneducated,Married,$80K - $120K,Blue,38,3,5,4,1438.3,1930,3.0,2.3619745284932785,3642,49,0.0987611632947557,0.17362385856782955
63,52,M,2,Doctorate,Single,$60K - $80K,Blue,45,2,1,2,15843.0556720573,533,15310.0556720573,0.8197528024314257,5711,73,0.661438632293802,0.31846284478902104
64,50,M,4,Graduate,Married,$60K - $80K,Blue,36,4,0,2,19457.406292168933,385,19072.406292168933,0.15305049538959747,1351,26,1.16717247959234,0.5533775441238639
65,45,F,5,Graduate,Divorced,Unknown,Blue,21,6,2,6,16592.52279435697,1181,15411.52279435697,1.6140081316413724,6179,77,2.1318857270521776,0.371611873361943
66,36,M,1,High School,Unknown,Less than $40K,Blue,23,3,4,3,14700.08224282255,1543,13157.08224282255,0.0,1001,16,2.0531545326994176,0.9928904231810786
67,46,M,1,Post-Graduate,Married,Less than $40K,Blue,29,6,4,4,14237.501838453594,0,14237.501838453594,2.514903801864313,1925,27,2.3567781083224215,0.2263165158062289
68,59,M,4,Graduate,Single,$120K +,Blue,31,1,1,1,19122.723906107705,1164,17958.723906107705,1.4076384699485973,4200,45,0.0,0.4171847541840881
69,55,M,3,Uneducated,Single,$80K - $120K,Blue,39,5,1,4,31883.64752158403,0,31883.64752158403,1.5301165744868923,3071,51,0.0,0.0
70,37,M,0,Uneducated,Single,$60K - $80K,Blue,35,5,0,5,13385.495130864316,606,12779.495130864316,1.9080397221627163,4697,76,1.5408953957897908,0.5464207600418065
71,34,M,5,High School,Single,Less than $40K,Gold,36,4,1,3,19205.659057374512,0,19205.659057374512,1.1314852118360408,1756,29,0.0,0.0
72,44,F,1,College,Single,Less than $40K,Blue,39,5,2,1,3738.7804366627915,1325,2413.7804366627915,0.6610433029774192,3643,77,0.5326135361421098,0.46795746316296905
73,47,F,0,High School,Single,Less than $40K,Blue,36,3,4,3,4757.527472895854,1040,3717.527472895854,0.0,3351,42,1.6294845443854342,0.24372228759392528
74,49,F,0,High School,Unknown,Less than $40K,Blue,31,6,0,3,6327.089482262416,997,5330.089482262416,0.0,1001,17,0.2556046384292531,0.4189990435097375
75,44,M,4,College,Single,Unknown,Silver,53,6,2,6,6933.123936363278,1211,5722.123936363278,2.2874138492772498,9100,117,2.9637371246670576,0.3708118145310537
76,38,F,0,Unknown,Single,Less than $40K,Blue,32,4,3,2,20655.91383466224,786,19869.91383466224,0.0,3847,59,0.0,0.0
77,43,M,2,Graduate,Single,Less than $40K,Blue,37,4,0,6,13250.64086372894,1223,12027.64086372894,0.5706047815268552,5015,58,1.6843639495050131,0.35631152567065133
78,62,F,3,Graduate,Married,$80K - $120K,Blue,37,4,2,4,2344.08328633412,0,2344.08328633412,0.21452758126225946,3388,51,0.0,0.0
79,49,F,3,Post-Graduate,Single,$40K - $60K,Blue,34,5,0,5,3363.7154029128524,1181,2182.7154029128524,0.9026460035597254,910,20,0.6510041855036345,0.5365704894563477
80,37,M,1,Graduate,Divorced,Less than $40K,Blue,50,3,1,3,11255.05653970661,820,10435.05653970661,1.205738187718907,6687,78,0.0,0.37012889181152364
81,40,M,5,Graduate,Married,Less than $40K,Blue,31,2,6,6,5430.097535883861,0,5430.097535883861,2.099828943491999,2011,45,2.6342876730056504,0.41344558404419696
82,66,F,1,Graduate,Married,$40K - $60K,Blue,40,5,2,4,1438.3,353,1085.3,0.0,7565,118,0.0,0.05423985930411884
83,54,M,0,Graduate,Single,Less than $40K,Silver,47,4,0,5,22020.626215097705,511,21509.626215097705,0.17261707658950565,1621,17,0.0,0.23366253563183426
84,44,M,0,Doctorate,Single,Less than $40K,Blue,35,3,4,4,4314.647956596775,67,4247.647956596775,2.0615045262386227,2528,39,0.0,0.0
85,44,M,2,Uneducated,Married,Less than $40K,Blue,45,3,3,2,14525.855173358808,0,14525.855173358808,0.10240623322912701,1373,26,2.293791973833329,0.258956963577154
86,53,M,1,Graduate,Unknown,$80K - $120K,Blue,31,2,3,4,4130.02421687354,0,4130.02421687354,0.9639552590787457,5484,75,0.0,0.0
87,39,M,1,Unknown,Divorced,Less than $40K,Blue,31,3,0,6,10995.031337089204,97,10898.031337089204,0.17578297914945495,986,10,1.5260110273564262,0.0
88,52,F,2,Unknown,Divorced,$60K - $80K,Blue,34,4,4,3,4801.12540026872,1030,3771.12540026872,0.5633436194315832,3811,70,0.0,0.16145633452329594
89,48,F,0,Unknown,Married,$60K - $80K,Blue,40,4,0,1,5457.3548484682415,893,4564.3548484682415,0.0,3534,95,0.6143747506666288,0.6408577285019308
90,49,M,2,Post-Graduate,Single,$120K +,Gold,45,2,2,2,5525.970940176877,120,5405.970940176877,0.4211989824174036,656,10,2.7966087093657563,0.10338071992590714
91,45,M,0,Unknown,Married,$40K - $60K,Blue,40,4,0,4,1438.3,2161,3.0,0.4085878879302278,3050,55,0.6158284997267348,0.7755941366175613
92,36,F,2,College,Single,Less than $40K,Blue,30,4,2,2,9860.36780767062,0,9860.36780767062,1.0897342805635095,4372,60,0.0,0.10843150791126407
93,56,F,3,Uneducated,Divorced,Less than $40K,Blue,32,1,2,0,5071.028290610093,2517,2554.028290610093,0.4907210268848423,2496,40,1.4512054010437456,0.060961399332336796
94,26,F,5,Graduate,Married,$80K - $120K,Blue,38,6,4,4,19746.23921387092,835,18911.23921387092,1.061472009505996,5320,80,2.437222007292643,0.0
95,39,F,1,Unknown,Married,$60K - $80K,Blue,56,1,0,4,27679.20465189696,0,27679.20465189696,1.5137874954590205,2834,72,0.34388134640119805,0.012395185044055401
96,51,F,4,Uneducated,Married,Less than $40K,Blue,44,3,3,3,8861.30920930512,325,8536.30920930512,0.11963974026898094,4731,77,0.0,0.0
97,46,F,0,Uneducated,Single,$40K - $60K,Blue,47,4,4,1,10919.804363673491,0,10919.804363673491,1.1402480792703273,6737,104,0.0,0.9322993585517305
98,54,M,5,Post-Graduate,Single,Less than $40K,Blue,32,3,1,4,21963.325963824715,1284,20679.325963824715,1.3455541653565337,3533,45,0.0,0.05972861276228246
99,47,M,3,Post-Graduate,Divorced,$40K - $60K,Blue,34,2,4,2,1438.3,1215,223.29999999999995,0.5851286585267399,1064,20,0.24726310307094124,0.13000529745916886
100,46,M,3,Uneducated,Single,$120K +,Blue,39,1,6,3,7990.360707536674,0,7990.360707536674,1.4700290486336614,3608,56,1.4104733840691572,0.0863511233711586
101,46,F,2,High School,Single,$120K +,Blue,16,3,3,2,22077.359931233575,934,21143.359931233575,0.0,5343,82,2.7878764309025788,0.0
102,41,F,3,Unknown,Single,Less than $40K,Blue,30,1,4,1,15106.614986061733,811,14295.614986061733,1.1909175171006505,6281,78,1.8599537657084255,0.0
103,50,M,3,Graduate,Single,$40K - $60K,Blue,33,2,5,2,1438.3,468,970.3,0.0,6262,68,2.4783993225606253,0.0
104,54,F,5,Graduate,Married,$40K - $60K,Blue,39,2,4,2,1438.3,505,933.3,1.165627867101485,5157,71,0.0,0.08731737562181142
105,37,F,0,Doctorate,Single,Less than $40K,Blue,27,3,1,6,7706.706489158949,0,7706.706489158949,0.0,4903,61,0.0,0.63409235116822
106,51,M,1,High School,Single,$40K - $60K,Blue,28,5,2,4,11756.23214562519,2517,9239.23214562519,0.015863849726298396,7031,93,1.442905899100239,0.30017984551225885
107,38,F,0,Unknown,Unknown,$60K - $80K,Blue,38,6,4,4,11783.947619479852,0,11783.947619479852,2.8253698218942933,5776,84,0.0,0.0448683018332401
108,43,F,4,High School,Divorced,Less than $40K,Blue,20,2,1,0,16138.990058073237,860,15278.990058073237,0.0,3086,38,1.1970537953603528,0.4011965884845474
109,54,F,4,Unknown,Single,$60K - $80K,Blue,20,5,1,1,7742.571868396439,0,7742.571868396439,0.0,3063,55,0.0,0.24371372193340443
110,46,F,1,Graduate,Married,Less than $40K,Blue,30,4,0,0,7849.325538195684,0,7849.325538195684,1.9594296913329432,3373,49,0.18314927647122758,0.07547999115185947
111,52,F,2,Graduate,Married,Unknown,Blue,30,6,5,5,29779.00310969128,0,29779.00310969128,0.738935330438117,3585,50,0.0,0.0
112,46,M,0,High School,Married,Less than $40K,Blue,37,6,2,3,3385.3489034248805,1225,2160.3489034248805,0.0,3682,56,2.024185592334746,0.8233441552719719
113,61,F,3,Unknown,Married,Less than $40K,Blue,44,4,2,6,10320.941014238502,1341,8979.941014238502,0.0,3798,49,1.7991825874071532,0.0
114,47,M,2,Graduate,Married,$120K +,Blue,29,4,1,3,1438.3,0,1438.3,0.0,1392,21,0.7759662602191799,0.28679301076646435
115,30,F,2,College,Unknown,$80K - $120K,Blue,37,3,1,2,12125.074702598973,2324,9801.074702598973,0.275326041603607,6473,70,0.4089050226989634,0.04985525152608018
116,49,F,3,Graduate,Single,Less than $40K,Blue,47,5,3,1,4007.7754480275544,1888,2119.7754480275544,0.5011743932169972,510,10,0.9719361464949141,0.4917229687008052
117,46,M,4,Post-Graduate,Single,$80K - $120K,Blue,24,3,2,3,1438.3,687,751.3,0.841339790059635,5882,93,1.9725471619729364,0.036315847695006065
118,48,F,0,Unknown,Married,Less than $40K,Silver,26,5,2,6,25218.603882680618,2183,23035.603882680618,1.6717269736230174,2676,33,1.5005658663182428,0.22067149652296697
119,26,M,1,Uneducated,Married,Less than $40K,Blue,19,5,5,0,15744.482945930238,1715,14029.482945930238,1.9395552663594742,2499,65,1.0293098682401536,0.022991079280958338
120,44,F,4,Graduate,Married,Less than $40K,Blue,23,1,0,2,16298.58199502599,899,15399.58199502599,0.7437369821780306,3613,74,2.0885724518836386,0.0
121,34,M,2,High School,Divorced,$60K - $80K,Blue,47,4,4,3,6474.113029873753,1335,5139.113029873753,0.7950807579088045,6833,107,1.229624183421849,0.21334244086943435
122,51,M,3,Graduate,Married,$80K - $120K,Blue,37,3,2,4,12119.534122726514,784,11335.534122726514,0.8856953479013834,4366,52,0.0,0.2686232460999131
123,38,F,5,Graduate,Divorced,$60K - $80K,Blue,16,3,3,2,5397.247606617824,1871,3526.247606617824,0.3362511571160513,1771,41,2.478823010951746,0.0
124,40,F,2,College,Married,Unknown,Blue,54,4,3,4,7104.598183935657,377,6727.598183935657,1.4171919607540604,635,10,1.2923662273989156,0.3423646831913507
125,40,F,5,Post-Graduate,Married,Unknown,Blue,37,1,3,4,10370.663080607186,1052,9318.663080607186,1.3073093978579902,1972,36,0.6385724128758896,0.007607260572101732
126,58,F,0,Post-Graduate,Divorced,$80K - $120K,Silver,17,4,0,2,19538.498457813417,0,19538.498457813417,0.0,6627,114,0.7385612376206361,0.1634770704375222
127,41,M,1,Graduate,Single,Less than $40K,Blue,33,3,4,6,23341.1699780426,914,22427.1699780426,1.5120742578652338,5405,107,0.0,0.06744542182736357
128,41,M,3,College,Married,$40K - $60K,Blue,28,3,4,5,5706.821132970761,1530,4176.821132970761,0.5322226271488817,3307,54,0.0,0.32143561418484334
129,35,M,3,College,Married,Unknown,Blue,56,4,2,3,8199.698870658049,0,8199.698870658049,0.0,9787,127,0.0,0.14443723848276566
130,44,M,1,Graduate,Married,$80K - $120K,Blue,35,3,5,5,1438.3,58,1380.3,0.994406201512851,5468,76,2.4506147070186493,0.15065267779113445
131,42,F,3,Uneducated,Single,$80K - $120K,Blue,49,6,0,2,1438.3,0,1438.3,0.0,11774,119,1.1919220419496663,0.8397415018844265
132,44,F,1,Doctorate,Married,$40K - $60K,Blue,51,4,1,1,15913.04860850535,784,15129.04860850535,0.0,1892,44,1.6290322044824976,0.3418817218848644
133,50,M,1,High School,Unknown,$40K - $60K,Silver,31,4,3,5,17326.28156674231,842,16484.28156674231,0.0,4724,66,0.0,0.0
134,43,F,4,Graduate,Married,Less than $40K,Blue,23,2,0,4,4365.7605881717645,1566,2799.7605881717645,1.7215772125789348,1381,24,0.0,0.3441460061916436
135,47,M,4,High School,Divorced,Less than $40K,Blue,37,4,1,3,8848.077289455889,364,8484.077289455889,1.8396879147889291,1215,27,0.1547760658149776,0.2660605279228068
136,54,F,0,Graduate,Married,Less than $40K,Blue,28,4,3,1,6875.420865859771,509,6366.420865859771,0.0,3197,51,2.0630711059159994,0.0
137,43,M,0,Graduate,Married,Less than $40K,Blue,13,2,5,0,5149.960068607723,451,4698.960068607723,0.0,2714,33,0.0,0.2605083716264438
138,43,M,4,College,Single,$80K - $120K,Blue,39,5,2,4,5397.098349674607,580,4817.098349674607,1.2670321407948957,4114,60,0.26607092326849835,0.0
139,42,M,4,Uneducated,Married,Less than $40K,Blue,33,2,2,4,22913.738330873268,1035,21878.738330873268,0.0,1815,20,1.5452821620591277,0.6086067456066491
140,45,F,2,Uneducated,Single,$60K - $80K,Blue,31,3,6,1,3524.9730918999066,1354,2170.9730918999066,1.2283964880648024,6321,69,0.5778208790916961,0.0
141,42,M,4,Unknown,Married,Less than $40K,Blue,28,1,1,0,1438.3,0,1438.3,0.7239926666848673,1940,28,0.8447792359762247,0.3030202254890485
142,51,M,3,Unknown,Married,$40K - $60K,Blue,19,5,6,4,17059.889054348307,1971,15088.889054348307,0.0,1885,24,1.8997083351567863,0.0
143,51,F,1,High School,Divorced,$80K - $120K,Blue,46,3,3,2,10699.478205426522,0,10699.478205426522,2.2753351086116496,4506,61,0.0,0.4777481710261905
144,35,M,5,Graduate,Single,$80K - $120K,Blue,36,5,2,4,24456.633686176498,674,23782.633686176498,0.33728613776605876,960,24,1.6016502371897554,0.6577746012833907
145,43,M,3,Graduate,Married,$60K - $80K,Blue,40,2,4,4,18166.398665726854,357,17809.398665726854,0.029353086902344616,5630,100,0.0,0.13182923153210718
146,42,M,2,Uneducated,Married,$80K - $120K,Blue,33,2,3,3,1438.3,416,1022.3,2.192184478668519,3062,47,2.9012478561144848,0.0
147,47,M,2,Graduate,Married,$40K - $60K,Blue,54,6,2,0,18134.093692215218,0,18134.093692215218,0.0,657,10,0.0,0.0
148,48,F,4,High School,Divorced,$60K - $80K,Blue,49,4,1,6,17953.64664349996,0,17953.64664349996,0.0,1136,22,1.9042910524562893,0.3658869283220869
149,42,F,3,Uneducated,Divorced,Less than $40K,Blue,26,2,4,6,13200.279605416947,0,13200.279605416947,3.397,1185,15,1.3069999533785839,0.0
150,50,M,3,Uneducated,Single,$80K - $120K,Gold,35,5,6,2,6494.847332734161,628,5866.847332734161,0.1432709312696906,5312,77,0.0,0.3854995259974123
151,45,M,1,Unknown,Single,Less than $40K,Blue,39,6,3,4,10926.422619164907,1770,9156.422619164907,1.0970815926972257,2737,57,1.4033838663823341,0.6999770678673536
152,54,F,5,Graduate,Married,Less than $40K,Blue,35,6,3,5,10321.992268898392,180,10141.992268898392,0.0,3382,59,1.9143517500366904,0.0029029644676130395
153,57,M,3,Unknown,Divorced,$80K - $120K,Blue,30,4,4,5,1438.3,1041,397.29999999999995,0.0,1970,40,0.1421780556382854,0.03433666640805273
154,32,M,2,Graduate,Married,$40K - $60K,Blue,44,5,5,6,18765.493800398595,975,17790.493800398595,0.0,4501,91,0.5540735158761307,0.0
155,40,M,0,Graduate,Single,Less than $40K,Blue,37,6,3,2,16835.173890108177,58,16777.173890108177,0.0,1722,28,1.5433865552766242,0.7778415011319673
156,60,M,4,Graduate,Single,Less than $40K,Blue,39,3,6,0,17809.432496185058,1506,16303.432496185058,0.200244207559373,2415,44,0.0,0.5615295460696899
157,36,M,4,High School,Married,$40K - $60K,Blue,37,4,4,4,1438.3,0,1438.3,0.0,4862,65,0.6400977608392602,0.08086467671838013
158,51,M,1,High School,Married,$60K - $80K,Blue,28,4,3,4,14468.072778829075,0,14468.072778829075,3.397,790,10,2.19964719301538,0.6206469230862666
159,51,M,5,Doctorate,Married,Less than $40K,Blue,42,4,1,1,11197.834962778215,349,10848.834962778215,0.5947501222465672,560,10,0.4343009424866717,0.0
160,52,F,5,Graduate,Unknown,$40K - $60K,Blue,33,6,2,0,12834.080396478279,946,11888.080396478279,1.979221140057801,2313,69,0.12627553301336641,0.8305606264452301
161,27,F,4,Unknown,Married,$60K - $80K,Silver,48,4,0,1,17541.96719329928,26,17515.96719329928,0.0,3697,49,1.0433541423492356,0.4619016894579972
162,37,F,2,College,Unknown,Less than $40K,Blue,46,1,0,0,8779.635001274351,0,8779.635001274351,0.5406509909581695,4002,65,0.0,0.6138974817567945
163,47,F,4,College,Married,$120K +,Silver,52,3,2,1,27455.62701433841,1505,25950.62701433841,1.0026876113665233,3176,49,0.0,0.6562911032126315
164,53,M,4,Graduate,Single,$60K - $80K,Blue,38,4,2,4,11501.350232258934,2496,9005.350232258934,1.6219842926671537,3800,54,0.0,0.0
165,44,F,5,Graduate,Single,Less than $40K,Blue,30,1,5,4,8881.16020377777,0,8881.16020377777,0.0,3359,70,0.6541443181927185,0.8089534079802528
166,39,M,3,Graduate,Married,Less than $40K,Blue,26,2,5,2,24206.5975731348,833,23373.5975731348,0.0,5815,78,0.4696524662990351,0.0
167,47,F,2,College,Single,$80K - $120K,Gold,31,2,3,1,15018.710833026023,2517,12501.710833026023,1.9298009742944189,785,10,0.8664135018230614,0.0
168,44,M,0,Graduate,Single,Less than $40K,Blue,30,2,1,0,1438.3,0,1438.3,0.04739482508560666,5320,73,0.0,0.0954906412598516
169,58,F,4,Graduate,Married,$60K - $80K,Blue,25,3,4,6,22151.602349505287,881,21270.602349505287,1.8378893950042268,3026,58,0.2589279177507138,0.4426064481470404
170,46,M,0,College,Married,Less than $40K,Blue,28,3,3,0,17542.77966385823,1586,15956.77966385823,0.3428732555653877,3051,46,0.0,0.09354060389195523
171,48,M,3,Unknown,Married,Unknown,Blue,41,3,3,4,11081.010264436816,283,10798.010264436816,1.8626985854737328,7566,88,0.0,0.4947545950043016
172,37,M,2,Uneducated,Single,$60K - $80K,Blue,20,3,2,3,4589.601849695889,1616,2973.6018496958886,1.285071678593864,3267,63,0.4957438812229444,0.0
173,64,M,2,High School,Married,$60K - $80K,Blue,17,4,4,6,5422.049606719195,430,4992.049606719195,0.4008416114631788,3252,54,0.0,0.3398261002760945
174,45,F,5,High School,Married,$60K - $80K,Silver,40,5,0,1,14656.517575436883,0,14656.517575436883,1.388993145669422,4476,60,0.0,0.07225232628646328
175,57,M,0,Graduate,Single,Less than $40K,Blue,54,2,1,4,18555.62293267912,1749,16806.62293267912,0.7645845637821695,2112,30,1.2970371658066582,0.0
176,32,M,3,Graduate,Married,$60K - $80K,Blue,21,3,0,2,5742.107279545027,617,5125.107279545027,1.862851299167931,2621,37,0.0,0.2972188195140889
177,48,M,2,College,Single,Less than $40K,Blue,48,5,0,5,6108.114350534094,1299,4809.114350534094,0.2938072900794021,2895,38,1.0337334747824198,0.999
178,42,F,3,Uneducated,Single,Less than $40K,Blue,33,5,4,3,1438.3,425,1013.3,1.315116553616765,5787,81,0.0,0.4058769911450544
179,43,F,5,High School,Married,$40K - $60K,Blue,44,4,1,3,8243.046338194377,1471,6772.046338194377,0.2324771868428434,950,38,1.5489007545216675,0.0
180,46,M,3,High School,Single,$120K +,Blue,29,3,0,3,19766.851337701475,972,18794.851337701475,0.03169246766138312,6265,92,1.4243499283795864,0.0
181,47,M,4,Unknown,Married,Less than $40K,Blue,19,3,2,6,9547.918335837701,121,9426.918335837701,2.7666746056522813,3416,45,1.363504689198069,0.3402206060668103
182,54,F,4,Uneducated,Unknown,$80K - $120K,Blue,44,5,3,0,12044.595818330088,575,11469.595818330088,0.0,3174,37,3.4451261939534716,0.20758697193158643
183,51,M,5,High School,Single,Less than $40K,Blue,36,4,3,4,22672.28163501946,1757,20915.28163501946,0.12185383272557915,5542,101,1.2198164598515135,0.03296032755127287
184,37,M,4,High School,Divorced,Less than $40K,Blue,47,4,0,0,10200.522577802476,325,9875.522577802476,0.0,4627,114,1.1527057228296311,0.5092462077408184
185,42,M,3,Graduate,Unknown,Less than $40K,Blue,34,2,3,3,16161.359870885231,1750,14411.359870885231,0.325325409423495,5933,69,2.069419366086979,0.30601697763100366
186,59,F,1,Unknown,Unknown,$120K +,Blue,32,3,6,4,1438.3,1285,153.29999999999995,1.4855327079374967,3015,45,0.5118048115428938,0.0
187,44,F,2,College,Married,$40K - $60K,Blue,37,3,3,1,6440.263834762165,712,5728.263834762165,0.3393818438389401,5313,77,1.6265888921592664,0.0
188,55,F,0,Graduate,Married,$60K - $80K,Blue,50,3,4,1,14179.134008918463,0,14179.134008918463,0.0,1522,35,0.8138296603517764,0.0
189,33,M,4,Graduate,Single,$80K - $120K,Blue,20,5,2,4,14864.335735292738,741,14123.335735292738,1.8130353307284395,5652,60,1.3667105518243656,0.0
190,36,F,5,Unknown,Married,Less than $40K,Silver,35,2,1,3,1438.3,1601,3.0,0.9665308499368681,1237,22,0.03499067492835384,0.0
191,39,F,1,Graduate,Married,Less than $40K,Gold,35,4,2,1,10528.388631174303,2517,8011.388631174303,1.468349932879788,3224,54,0.0,0.0
192,40,F,3,Uneducated,Married,Less than $40K,Blue,33,3,2,3,1438.3,0,1438.3,0.0,5972,85,0.0,0.0753709240897169
193,40,M,5,College,Married,Less than $40K,Blue,47,4,4,3,15504.183477862605,0,15504.183477862605,0.0,4306,76,0.9347274026486807,0.47728195466347223
194,40,M,0,Graduate,Single,Less than $40K,Blue,50,3,1,3,2133.811072736021,868,1265.8110727360208,2.4710811891686113,5152,74,0.6174511631716018,0.0
195,44,F,1,Post-Graduate,Married,$80K - $120K,Blue,46,4,2,6,1438.3,777,661.3,0.6488945707001754,1118,15,0.08166465580564286,0.6455799168010798
196,28,F,4,Graduate,Married,Unknown,Blue,40,1,4,2,14470.868030904825,2517,11953.868030904825,2.3732332480283747,7597,117,0.1665271013098817,0.0
197,26,M,4,Unknown,Single,$80K - $120K,Blue,42,4,4,6,20267.834116157806,1688,18579.834116157806,0.0,5526,98,0.0,0.5135602622744372
198,56,F,3,College,Single,Less than $40K,Blue,21,3,0,1,1438.3,971,467.29999999999995,1.4200166164408905,2874,32,1.3980246036041701,0.5160129350840295
199,44,F,5,Graduate,Married,$40K - $60K,Blue,30,4,1,1,23164.63775741766,2189,20975.63775741766,0.0,3924,50,0.025451978122997154,0.3885423944821778
200,38,M,4,Graduate,Married,$120K +,Blue,38,1,6,6,5397.568564134521,511,4886.568564134521,0.0,4411,49,0.9172336326403359,0.02501303038496655
201,36,M,1,Uneducated,Married,$120K +,Silver,37,2,6,0,1438.3,2358,3.0,0.051984778523107567,2409,62,0.5924609530877903,0.0
202,37,M,1,High School,Single,Less than $40K,Blue,46,3,4,0,3657.042787722172,254,3403.042787722172,0.0,6071,93,0.5675841085266844,0.0
203,26,M,0,Unknown,Married,Less than $40K,Blue,38,4,4,3,9412.825338370098,856,8556.825338370098,1.1410035970339834,8809,128,0.2083050192992406,0.0
204,41,F,2,Unknown,Married,$40K - $60K,Blue,35,4,4,2,32605.778270018025,567,32038.778270018025,1.2637616909925788,680,10,3.714,0.0
205,41,M,5,High School,Single,Less than $40K,Blue,42,2,2,3,15551.489189735561,574,14977.489189735561,2.2088024868501464,564,10,1.4373280573357021,0.5075664685191463
206,51,F,4,Uneducated,Single,Less than $40K,Blue,41,3,2,1,5748.284026509987,707,5041.284026509987,0.0,2702,42,0.0,0.0
207,41,M,3,Graduate,Married,$40K - $60K,Blue,37,4,6,4,11932.91078266846,2100,9832.91078266846,0.855632173899399,902,10,0.497886007078779,0.2973909824604152
208,39,F,1,Unknown,Single,$120K +,Blue,20,5,2,1,11479.85305210996,0,11479.85305210996,1.9336514128257047,1635,26,0.07168066837145604,0.023804041067836984
209,58,M,4,Graduate,Single,Less than $40K,Blue,49,6,3,4,1438.3,676,762.3,0.7389746239127502,2377,53,0.0,0.004939551830299649
210,49,F,5,Unknown,Married,$120K +,Blue,32,5,2,1,25187.948127354917,0,25187.948127354917,0.0,5586,88,0.8581698927362279,0.1633399823260734
211,30,F,1,College,Divorced,$80K - $120K,Blue,37,1,4,4,1438.3,2024,3.0,0.20099374997173797,3032,64,0.956283484787708,0.5443795571296509
212,62,M,2,Uneducated,Married,$80K - $120K,Blue,33,5,4,3,11795.971338561409,2210,9585.971338561409,1.188587715287928,1338,22,0.0,0.0
213,43,F,3,Graduate,Married,Less than $40K,Blue,34,4,5,4,13014.882809187875,0,13014.882809187875,1.266321524871978,5780,98,1.1433163041337666,0.1602493553795821
214,40,F,4,High School,Single,$40K - $60K,Blue,28,3,1,4,2529.329583726958,1397,1132.329583726958,0.2161555216915465,3495,48,0.2559718571486215,0.4899539686642764
215,38,F,2,Graduate,Married,Unknown,Blue,46,4,1,6,18866.596632741675,928,17938.596632741675,0.05282205704223186,669,10,0.07702004150022757,0.0
216,42,M,3,Graduate,Married,Less than $40K,Blue,42,3,3,6,1438.3,449,989.3,0.7244545149411304,5488,116,0.5150022229405697,0.37422381725593484
217,42,M,4,College,Single,Unknown,Blue,36,6,2,2,14286.64892101493,1094,13192.64892101493,2.9762275262217432,3267,37,0.15449697280488117,0.899119699946052
218,48,M,0,High School,Married,$120K +,Blue,30,2,4,0,3600.0607342609,0,3600.0607342609,0.0986750626042604,4842,67,0.17314338391855882,0.43250207076730657
219,58,M,3,Graduate,Single,$40K - $60K,Blue,18,2,2,2,1438.3,2458,3.0,0.2358495747727109,3775,61,1.11646392753643,0.057589146803858
220,46,M,1,Graduate,Single,Less than $40K,Blue,22,4,3,5,12861.276143953033,417,12444.276143953033,0.2245458442469902,5278,80,0.43359887340997455,0.5244305799514688
221,56,F,2,College,Married,$60K - $80K,Blue,51,2,3,3,31462.842461733868,1680,29782.842461733868,0.3323015104526584,5234,68,0.0,0.0
222,36,F,4,High School,Single,Less than $40K,Blue,41,6,1,6,1438.3,2053,3.0,0.0,9488,118,0.0,0.18690423662867933
223,44,F,0,Uneducated,Married,Less than $40K,Blue,39,5,3,1,4433.464537534718,567,3866.464537534718,1.6784326164846886,6824,72,2.336475137562328,0.5965719897015966
224,48,F,0,High School,Unknown,Unknown,Blue,28,4,6,4,16908.15097103787,1020,15888.15097103787,0.6706778407369045,6946,89,0.21904979593317953,0.054950222884897995
225,33,F,0,High School,Single,$40K - $60K,Blue,45,4,0,0,8306.359720811657,1867,6439.359720811657,1.1303478800909537,1108,14,0.0,0.0
226,49,F,3,College,Single,$80K - $120K,Blue,22,4,2,4,1438.3,255,1183.3,1.7215613402399679,3385,40,0.5830259015466949,0.0
227,56,M,3,Doctorate,Married,$60K - $80K,Blue,27,4,5,6,10736.246908504327,0,10736.246908504327,0.3313484138670883,3863,55,0.0,0.3597190828552883
228,39,F,3,Uneducated,Married,Less than $40K,Blue,48,3,3,3,8950.897474492538,0,8950.897474492538,0.0,4159,58,0.6478231379808849,0.7327262093917498
229,36,M,2,Graduate,Married,$40K - $60K,Blue,44,4,4,3,15562.418332819989,0,15562.418332819989,0.0,4947,64,0.24933502407701658,0.5958167907991853
230,46,M,3,Post-Graduate,Married,Less than $40K,Blue,29,5,1,0,1438.3,581,857.3,0.2969305409758231,6275,79,0.0,0.32828585613556194
231,55,F,0,Graduate,Divorced,Unknown,Blue,49,4,2,0,21491.579525793786,0,21491.579525793786,1.6317490486373225,5853,108,0.0,0.15154552419041395
232,37,M,4,Doctorate,Divorced,Less than $40K,Blue,33,2,2,2,26932.820522040627,253,26679.820522040627,0.0,5300,65,0.644708114955214,0.0
233,35,F,3,Unknown,Single,Less than $40K,Blue,44,2,6,0,2659.216781800197,1153,1506.2167818001972,0.13008348371788525,2979,56,2.232825983990631,0.6845451190956954
234,53,M,2,Uneducated,Married,$40K - $60K,Blue,39,3,3,4,10052.4619090157,2517,7535.461909015699,0.0,3786,52,0.6222484240423087,0.32608602269398324
235,46,M,3,Doctorate,Single,Unknown,Blue,26,5,3,0,1438.3,191,1247.3,0.34542218447527556,10285,111,1.192999312503464,0.6643408117461586
236,60,M,3,Uneducated,Married,$60K - $80K,Blue,34,1,0,5,12816.211753494501,274,12542.211753494501,2.0131015090755917,3758,43,1.139152647661152,0.2815650227508988
237,38,F,2,Graduate,Single,$40K - $60K,Blue,24,4,4,5,1438.3,1094,344.29999999999995,0.0,6080,109,0.5326044770006627,0.1661703385975982
238,43,F,4,High School,Single,$40K - $60K,Blue,34,4,3,0,18970.93468579356,6,18964.93468579356,0.0,3614,51,2.0313856461820547,0.6191159011682522
239,40,F,4,Unknown,Single,Unknown,Blue,32,3,4,4,8971.726182793554,0,8971.726182793554,0.23283327359563166,639,10,0.15364634686632517,0.19557399202337453
240,59,F,1,College,Married,Less than $40K,Blue,15,1,2,2,18506.442750522077,1295,17211.442750522077,0.42033326877205796,1781,29,1.9336577285793037,0.20340960960645701
241,50,F,1,High School,Married,Less than $40K,Blue,30,1,3,2,9396.262801028617,0,9396.262801028617,0.46594365376327196,4906,99,1.1577293339320325,0.0
242,35,M,4,Unknown,Married,Less than $40K,Blue,27,5,6,1,13082.075562393675,1379,11703.075562393675,2.3659784663920203,2521,36,0.0,0.0
243,43,F,2,Uneducated,Single,$80K - $120K,Blue,36,6,2,3,8055.907059190346,1894,6161.907059190346,1.3957101606281808,3548,49,0.4474292648254894,0.0
244,45,F,4,College,Unknown,Less than $40K,Blue,34,1,5,1,9591.63985056567,0,9591.63985056567,0.07787435387615704,7650,124,0.9458860070217239,0.9326130426627949
245,49,M,5,Unknown,Single,$120K +,Blue,46,2,2,6,18161.787207213096,644,17517.787207213096,1.470215759817044,2842,42,2.108575988056955,0.27737489337245597
246,49,M,2,High School,Unknown,$40K - $60K,Blue,39,3,1,6,1438.3,910,528.3,0.13276490623958792,4771,76,2.6277020448161226,0.0
247,56,F,3,Unknown,Single,Unknown,Blue,26,4,4,5,11034.926526900223,57,10977.926526900223,1.0086408074036752,2671,39,1.1315373236206923,0.09583612973783051
248,62,F,1,High School,Unknown,$60K - $80K,Blue,43,2,0,5,1438.3,1233,205.29999999999995,0.4901973131010533,4595,66,0.062379791929238815,0.0
249,57,F,3,Unknown,Single,Less than $40K,Blue,44,4,2,3,15010.419520429556,701,14309.419520429556,0.0,4283,61,0.0,0.052237657336006965
250,48,F,0,Uneducated,Married,Less than $40K,Blue,29,3,4,1,15877.546445355054,1037,14840.546445355054,0.0,1841,32,1.9880608489840994,0.19934345444602852
251,54,F,3,Graduate,Married,Less than $40K,Blue,43,5,3,1,15189.164583240039,377,14812.164583240039,0.0,914,16,0.13531002955637295,0.40593268559726525
252,53,M,1,Unknown,Married,$40K - $60K,Blue,54,4,4,3,1438.3,1553,3.0,0.1210233803865226,3462,41,1.760087804550456,0.11553703200458665
253,38,M,0,College,Married,$120K +,Blue,52,3,5,4,6637.678228723798,816,5821.678228723798,0.38878930401488615,2679,42,0.26194770359548997,0.03559819369219566
254,44,M,2,Graduate,Single,$40K - $60K,Blue,46,2,2,1,1438.3,1227,211.29999999999995,1.9447680340063829,2748,59,2.871879366110226,0.35920782103127075
255,59,F,2,Uneducated,Single,Unknown,Blue,27,4,1,3,1438.3,0,1438.3,0.3256884145304792,4311,77,2.089651543705291,0.24408214057658933
256,58,F,0,Unknown,Married,$60K - $80K,Blue,38,1,0,0,21740.727390847045,772,20968.727390847045,1.0925847381713643,4282,52,0.4761086141814068,0.4781175332218264
257,54,F,1,High School,Divorced,Less than $40K,Silver,35,3,3,5,18140.88184062428,0,18140.88184062428,1.1913858608914962,4454,67,2.0334881486026593,0.6354708102978035
258,45,F,5,High School,Single,$40K - $60K,Blue,36,4,5,1,6086.425646826028,0,6086.425646826028,0.18947879869265083,5671,98,0.0,0.0
259,66,F,4,Graduate,Single,$60K - $80K,Blue,36,3,5,2,8217.247900941555,2517,5700.247900941555,1.897213366100092,3218,44,0.4082236644470674,0.0
260,38,F,1,Uneducated,Single,$80K - $120K,Silver,33,5,3,2,9784.314162542927,0,9784.314162542927,0.0,1746,29,0.9790623720687015,0.2809737973240979
261,43,F,3,High School,Married,Less than $40K,Blue,25,4,4,0,4379.606576835438,1139,3240.6065768354383,0.0,6219,86,1.0988486069766528,0.22801451403536382
262,41,F,3,High School,Single,Less than $40K,Blue,22,4,0,2,13229.014107660429,0,13229.014107660429,0.0,3826,58,1.846470979901293,0.33332787281192594
263,50,F,4,Uneducated,Single,$40K - $60K,Blue,46,5,2,3,1438.3,169,1269.3,0.0,2089,51,1.6785344053726932,0.08761869131698806
264,39,F,3,Unknown,Unknown,Less than $40K,Blue,56,6,4,2,15992.38086392017,266,15726.38086392017,0.0,3466,69,0.0,0.15629956937351888
265,41,M,4,Graduate,Married,$60K - $80K,Blue,20,1,2,5,2340.5331812790973,143,2197.5331812790973,0.0,4101,56,0.43760643430206314,0.6595477725245265
266,44,F,2,Unknown,Married,$40K - $60K,Blue,53,2,0,0,14567.31084354006,0,14567.31084354006,0.751280881210126,2635,64,0.45815791517469817,0.38477663247144955
267,35,F,4,Graduate,Single,Unknown,Blue,44,4,1,3,1438.3,0,1438.3,1.0956087712804286,2033,55,0.0,0.6614510682013023
268,55,M,4,High School,Married,$120K +,Blue,38,3,2,1,4606.0145191648135,0,4606.0145191648135,1.6175567997689848,1046,18,0.42237548077837384,0.3494468539598419
269,50,M,1,Graduate,Married,Less than $40K,Blue,37,5,1,2,13296.442310937775,845,12451.442310937775,0.1652437704551326,866,18,1.4821527475306946,0.03972095194735746
270,54,F,3,College,Single,$40K - $60K,Blue,38,3,1,2,25064.245280648855,2225,22839.245280648855,0.21798385508341134,510,10,2.0196906827775947,0.7772391700552927
271,37,F,1,Unknown,Married,Less than $40K,Blue,44,4,5,2,1438.3,1000,438.29999999999995,0.4866229857796685,3679,76,0.7725507792355945,0.0
272,54,F,5,Unknown,Unknown,Unknown,Silver,29,4,3,1,8568.877844643235,777,7791.877844643235,0.017117453131323512,8116,97,0.9481576829063694,0.0
273,58,F,5,Uneducated,Married,$80K - $120K,Blue,28,3,0,6,13131.62567401952,1448,11683.62567401952,0.0,3412,90,3.1946194075275853,0.16050261231058824
274,43,M,2,Graduate,Single,Less than $40K,Blue,30,4,0,3,10109.80735755494,1655,8454.80735755494,0.22778974365014748,4038,64,0.716791881232153,0.3693427985625334
275,58,F,1,Graduate,Married,Unknown,Blue,56,1,4,3,16217.845873413324,0,16217.845873413324,0.0,2025,36,1.3316129327134403,0.0
276,59,M,5,Graduate,Married,$80K - $120K,Blue,14,6,1,0,2137.5258924473683,137,2000.5258924473683,0.0,3866,58,2.3291458289159195,0.5100571955451552
277,39,M,4,Graduate,Married,Unknown,Silver,43,3,4,3,22504.201864334354,1920,20584.201864334354,0.8543677804632697,805,10,0.0,0.49360401589040065
278,46,M,1,High School,Married,Less than $40K,Blue,45,2,2,1,11553.514927114991,659,10894.514927114991,0.0,3355,48,1.8058637496986998,0.5115680923737815
279,50,M,4,Unknown,Married,$80K - $120K,Blue,35,4,0,3,4206.547270384561,1418,2788.5472703845608,0.0,1529,23,0.6582301329168421,0.0
280,50,F,5,Graduate,Single,Less than $40K,Silver,31,6,3,6,19244.77944925034,658,18586.77944925034,0.0,3675,77,0.5896603852958038,0.0
281,45,F,3,College,Married,Unknown,Blue,34,6,6,3,1762.71414511501,1743,19.71414511501007,1.3784526935423544,5940,115,0.0,0.5196638518609763
282,43,M,0,Uneducated,Single,$40K - $60K,Blue,42,4,0,3,1438.3,1049,389.29999999999995,1.2680770198821956,1256,18,0.0,0.0
283,44,M,0,Post-Graduate,Married,$40K - $60K,Blue,28,4,2,4,7620.580276085847,1680,5940.580276085847,0.1048493555458535,3022,38,1.049876551557701,0.0
284,66,M,2,Graduate,Single,$40K - $60K,Blue,38,3,5,2,17065.44511064383,887,16178.445110643828,0.0,1539,20,0.0,0.23578454669493937
285,40,F,4,Graduate,Married,$80K - $120K,Blue,31,4,1,6,12910.949063985405,4,12906.949063985405,2.1519525652181777,2675,47,0.15119177766161906,0.0
286,47,F,3,Unknown,Single,Less than $40K,Blue,22,4,4,1,4398.954740788395,222,4176.954740788395,0.6275765259420539,3052,46,2.2126537309629537,0.5209412527573708
287,60,F,1,High School,Married,Less than $40K,Blue,33,6,3,0,6951.165667360334,0,6951.165667360334,0.10671630476488736,2501,43,0.6426463379841225,0.05519898054806309
288,45,F,1,College,Married,Less than $40K,Blue,23,6,2,3,20547.313215028524,1632,18915.313215028524,0.39803493386496197,8760,115,1.8900998143102308,0.0
289,42,F,0,College,Married,$40K - $60K,Silver,39,2,4,5,34516.0,1485,33031.0,0.0,5404,71,1.087308789548655,0.3935628713716426
290,54,M,2,Graduate,Single,Less than $40K,Blue,37,3,5,0,5400.235294024258,0,5400.235294024258,0.0,4225,63,1.1110066817084463,0.0
291,39,M,1,Graduate,Married,$40K - $60K,Blue,48,2,3,2,23541.282230791665,0,23541.282230791665,1.4436955033940833,3285,39,0.7596496604772118,0.07477724235826261
292,52,M,1,High School,Married,$60K - $80K,Blue,52,2,1,1,16587.85639142339,282,16305.85639142339,0.5287366951480412,2116,72,0.8265920061808423,0.13118745863589426
293,47,F,4,Doctorate,Divorced,$40K - $60K,Blue,51,2,4,6,6208.24788243365,159,6049.24788243365,2.05759835291921,1693,32,1.0057478426495954,0.3190489071976575
294,45,M,2,Graduate,Married,Unknown,Blue,38,4,3,4,16854.995595204622,0,16854.995595204622,1.289843572232311,2275,43,0.4548607031635967,0.0
295,51,M,3,Post-Graduate,Divorced,Less than $40K,Blue,44,4,2,6,5616.586667331721,1082,4534.586667331721,0.46634241337069904,1975,79,0.14725476199110082,0.0
296,47,F,5,Uneducated,Single,Unknown,Blue,29,3,1,5,17280.15696090453,0,17280.15696090453,0.8735721319656364,1903,61,1.949072503634492,0.14969885060033788
297,29,M,4,Post-Graduate,Married,$40K - $60K,Blue,28,5,5,6,15756.584513606042,588,15168.584513606042,2.553820542983896,2171,30,0.47900115102728025,0.4649065846979607
298,40,M,3,Graduate,Married,Less than $40K,Blue,30,4,3,2,20524.32646631395,841,19683.32646631395,1.0065506137741034,3384,59,0.0,0.0
299,27,M,0,Graduate,Married,Less than $40K,Blue,26,6,6,3,19117.19693388296,392,18725.19693388296,0.0,4193,62,1.362914250981568,0.0
300,53,F,3,Uneducated,Married,$120K +,Blue,46,5,0,0,1438.3,1361,77.29999999999995,0.0,4255,104,0.5862259281877866,0.23161242798486897
301,50,M,5,High School,Married,Less than $40K,Blue,24,4,2,2,4509.824230420043,1430,3079.824230420043,0.7394054704993022,2859,53,0.0,0.5038499655216804
302,54,M,3,Uneducated,Single,$40K - $60K,Blue,39,4,6,5,1438.3,19,1419.3,0.0,4436,87,0.0,0.0
303,44,M,2,High School,Single,$40K - $60K,Blue,52,2,3,4,11024.194124623018,33,10991.194124623018,0.8770500676518092,6755,97,1.8963578800287566,0.0
304,54,M,5,Post-Graduate,Married,Unknown,Silver,34,3,0,3,15036.56932241069,0,15036.56932241069,0.9269790787360099,866,21,0.0,0.22977335186114065
305,39,M,5,Graduate,Married,Less than $40K,Blue,31,2,0,3,12785.684493218549,0,12785.684493218549,1.0019539025593147,3407,59,0.12010266949269094,0.16990175939207217
306,47,M,2,Uneducated,Single,Unknown,Blue,26,4,0,3,1438.3,1612,3.0,0.4782428641913865,1526,32,1.3589589809287053,0.0
307,50,F,2,Graduate,Married,Less than $40K,Blue,29,2,5,2,11017.965880032132,786,10231.965880032132,0.11924189349695724,2557,40,2.1425357078958056,0.09423366121506765
308,39,M,4,Graduate,Single,$40K - $60K,Blue,39,5,3,4,10330.393976802576,0,10330.393976802576,2.0480748027243356,3675,61,0.0,0.23239060256060506
309,37,F,2,Graduate,Divorced,Less than $40K,Blue,28,1,6,2,1632.8523623360425,499,1133.8523623360425,0.0,4060,67,2.489992842543629,0.30449081068719946
310,54,M,3,College,Married,Less than $40K,Blue,38,4,1,2,1438.3,1483,3.0,1.0841418763037824,3226,83,1.0536309786237488,0.43417369528687844
311,59,M,1,Graduate,Single,$40K - $60K,Blue,48,3,4,0,29029.344721450383,208,28821.344721450383,0.3312839074942572,3548,47,1.6810023599939088,0.44440607758461276
312,37,M,4,Uneducated,Married,$80K - $120K,Blue,56,3,0,2,15280.66058643301,0,15280.66058643301,0.0,3524,65,1.3186602538917125,0.0
313,55,F,3,Graduate,Unknown,Less than $40K,Blue,26,4,2,1,4883.785677407361,1412,3471.7856774073607,1.3455743830530165,2325,42,0.0,0.3081573840885138
314,57,F,2,Unknown,Unknown,Less than $40K,Blue,44,2,2,4,1438.3,568,870.3,1.6500798310503026,2781,46,1.9305991576202444,0.581976619814875
315,32,M,4,Graduate,Single,$60K - $80K,Blue,31,4,3,0,4345.2925945509505,0,4345.2925945509505,1.4293193343696893,5490,74,0.0,0.4516900233722358
316,28,F,3,Uneducated,Single,Unknown,Blue,32,2,5,2,18807.083791732097,852,17955.083791732097,0.0,3782,50,1.9490356019566155,0.0
317,46,F,5,Uneducated,Married,$40K - $60K,Blue,46,4,0,2,10427.76257559392,306,10121.76257559392,0.7344708577614814,1078,15,1.4266931214972591,0.03789537455948608
318,65,M,3,Graduate,Married,Unknown,Blue,26,5,2,3,17734.61613341763,1260,16474.61613341763,1.163582534332699,3821,67,0.2920331358557784,0.0
319,53,M,1,Graduate,Single,$80K - $120K,Blue,27,2,6,2,1438.3,2075,3.0,0.6801309067767309,3290,50,1.2852554200581232,0.1965093355724206
320,38,M,3,Unknown,Married,$40K - $60K,Blue,52,4,3,3,15952.95428085759,0,15952.95428085759,0.5902525810609396,2005,28,0.0,0.024864321189109223
321,42,M,2,High School,Single,$80K - $120K,Silver,21,5,6,3,9303.23884439008,2517,6786.23884439008,0.0,4560,62,0.603660596526267,0.0
322,33,F,3,Graduate,Single,Less than $40K,Blue,30,3,5,4,9392.864925822798,898,8494.864925822798,2.0320111922218747,3854,61,0.0,0.5544727496830912
323,58,F,1,High School,Single,Unknown,Blue,44,5,6,4,26530.85377421524,0,26530.85377421524,2.190331031759729,6966,111,0.19431218162517883,0.5597377169485989
324,37,F,4,College,Single,Less than $40K,Blue,49,4,1,0,2182.9483875757433,0,2182.9483875757433,0.0,2540,64,0.30087337922176066,0.23014821839518546
325,44,F,2,Post-Graduate,Divorced,$40K - $60K,Blue,40,5,6,5,1632.6563290558424,406,1226.6563290558424,0.0,7646,101,0.19287132456337014,0.22183955415265152
326,45,F,1,Graduate,Single,Less than $40K,Blue,46,6,0,6,14995.995330985279,1065,13930.995330985279,0.15277133306027435,3852,49,0.0,0.08439396321857287
327,55,F,3,High School,Married,Less than $40K,Blue,45,5,2,1,1438.3,728,710.3,1.5901200423768242,2916,49,0.0016374627404551756,0.999
328,43,M,2,Uneducated,Single,Less than $40K,Blue,56,3,0,0,6752.412579497715,0,6752.412579497715,0.30440485618306945,3955,54,1.5638098778694502,0.999
329,65,F,3,Graduate,Married,Less than $40K,Blue,31,3,1,3,1438.3,0,1438.3,0.0,5711,65,0.0,0.0
330,48,M,2,High School,Single,Less than $40K,Blue,34,1,3,6,10114.437597351038,2055,8059.437597351038,1.9932935305845036,7012,77,0.0,0.09621553096461306
331,43,F,2,Graduate,Single,Unknown,Blue,26,3,6,1,19996.65825053397,0,19996.65825053397,0.0,595,10,0.6123577846520132,0.5164942250724935
332,42,F,2,Uneducated,Unknown,$60K - $80K,Blue,36,3,2,2,1438.3,0,1438.3,0.3934009384729888,4599,86,3.317181021393885,0.1120026058207068
333,41,M,3,Unknown,Married,Less than $40K,Blue,34,3,4,6,9373.238363855678,1660,7713.2383638556785,1.5741815438238738,6968,82,1.8621194816599296,0.4944209618648026
334,36,M,1,Doctorate,Single,$40K - $60K,Blue,44,5,3,5,18326.871238449938,105,18221.871238449938,1.1265808853246648,10465,124,1.0721195466727673,0.2899577062540527
335,48,M,1,Uneducated,Single,$40K - $60K,Blue,46,2,0,1,20828.325369202343,0,20828.325369202343,1.1497734821461014,3082,37,3.114264517738256,0.0
336,52,F,0,Graduate,Single,$40K - $60K,Blue,43,2,3,4,18245.705361393237,406,17839.705361393237,0.492585071750723,2171,82,0.6301688169055955,0.4109108597442428
337,58,M,4,Graduate,Single,$80K - $120K,Blue,56,2,5,5,5476.516137487963,0,5476.516137487963,0.8444098880549175,4545,60,0.8021172684405731,0.0850698537596467
338,35,F,2,High School,Married,$40K - $60K,Blue,32,3,0,5,1438.3,2214,3.0,0.0,728,10,0.5782050915589914,0.35065693160129807
339,45,M,1,Graduate,Divorced,$60K - $80K,Blue,32,5,0,3,7563.305317281156,0,7563.305317281156,0.0,3850,54,2.594687351278801,0.0
340,35,F,4,High School,Married,$60K - $80K,Silver,38,2,0,3,16845.03195294123,598,16247.03195294123,0.0,4871,61,3.1690460440924557,0.2795271192409865
341,55,M,5,Graduate,Single,$120K +,Gold,32,2,2,3,1438.3,2046,3.0,0.06653941844734379,5416,62,2.703680285586741,0.4009946123096888
342,40,F,2,High School,Married,Less than $40K,Blue,36,2,1,2,12398.063810541762,431,11967.063810541762,0.0,3321,81,0.6598027895736711,0.0
343,41,F,5,Unknown,Single,Less than $40K,Blue,39,6,1,0,3425.5245988573606,514,2911.5245988573606,0.0,3421,43,1.7319609473452018,0.19470122920171035
344,40,M,2,Unknown,Married,Less than $40K,Blue,35,3,1,4,1438.3,1868,3.0,1.880029879163024,3425,61,0.0,0.5331904014426236
345,47,F,3,Doctorate,Single,Less than $40K,Blue,44,3,1,4,14857.715995654868,0,14857.715995654868,2.2091596092750025,1763,32,0.0,0.25058162812495766
346,59,F,3,Uneducated,Single,$120K +,Blue,52,3,1,2,6470.620812445712,1802,4668.620812445712,0.0,2904,51,0.7128320688740777,0.40713931257123387
347,44,F,3,Post-Graduate,Married,$80K - $120K,Blue,46,5,0,4,12857.064511678525,0,12857.064511678525,0.6910494996838765,5528,78,2.395919816425949,0.2711403952555089
348,47,F,2,High School,Divorced,$40K - $60K,Blue,26,3,1,4,8891.073965962627,1457,7434.073965962627,2.439167838354533,7229,103,0.0,0.3208383687157307
349,43,M,4,High School,Married,$40K - $60K,Blue,44,4,2,1,8969.946199524617,293,8676.946199524617,0.0,871,14,0.0,0.5928518863285841
350,49,F,3,College,Married,$80K - $120K,Blue,27,6,3,1,9707.237229567567,966,8741.237229567567,1.3533059801729104,652,10,0.8116898969489801,0.4826973374517284
351,44,F,5,High School,Single,Unknown,Blue,36,2,1,2,7659.4981722630255,671,6988.4981722630255,0.0,6345,76,3.714,0.5662317540193832
352,36,M,1,College,Single,Less than $40K,Blue,38,1,5,6,1438.3,1731,3.0,1.2421897571209508,6682,84,0.3117709899678251,0.0
353,50,M,0,Unknown,Single,Less than $40K,Blue,32,2,4,4,1438.3,1891,3.0,0.6806323230831467,3364,50,1.6750134464108593,0.0
354,56,M,1,Graduate,Single,Less than $40K,Blue,35,3,1,3,24375.84775167748,44,24331.84775167748,1.0844257639858532,1427,25,0.08898400384965399,0.1048926370874952
355,38,F,0,Unknown,Married,Less than $40K,Blue,47,4,2,5,10819.187872751141,2517,8302.187872751141,0.10381721019824397,2483,59,0.8027030690757553,0.8451224194688886
356,46,F,3,Uneducated,Single,$80K - $120K,Blue,38,4,2,3,3177.8648336819524,38,3139.8648336819524,0.5246043623436538,2318,44,0.0834209007002017,0.0
357,51,F,2,High School,Married,Less than $40K,Blue,33,2,2,0,1957.603547988414,272,1685.603547988414,0.6830784314356734,1167,18,0.0,0.0
358,48,M,3,Uneducated,Single,$40K - $60K,Blue,38,4,6,0,13862.698603925302,1267,12595.698603925302,0.4089067165650478,686,10,1.482118534129585,0.5382887894906198
359,37,M,2,Graduate,Single,Less than $40K,Blue,20,5,0,4,2017.9385474094997,0,2017.9385474094997,1.0794411532390837,4749,70,0.0,0.522987292517298
360,51,M,0,Graduate,Married,$80K - $120K,Blue,41,3,6,0,1438.3,1382,56.299999999999955,0.43636341876574175,2015,39,0.0,0.16111856863514262
361,47,F,2,College,Married,Less than $40K,Blue,40,5,5,1,18348.31946926412,0,18348.31946926412,1.706693335405321,5703,75,1.5304661027721977,0.11177346184574766
362,50,M,3,High School,Married,$80K - $120K,Blue,27,6,0,0,13328.203465366938,190,13138.203465366938,1.8632364676641422,5515,81,0.9499083044947816,0.0
363,43,F,3,College,Single,$40K - $60K,Blue,43,2,1,4,1438.3,2494,3.0,0.43307867748697704,6110,81,1.1798056295143233,0.0
364,44,M,1,High School,Single,Less than $40K,Blue,29,3,0,6,7918.676210962161,1953,5965.676210962161,1.9991773357412008,4954,69,1.5186701445596358,0.06601735533215214
365,28,M,2,Uneducated,Single,$60K - $80K,Blue,36,6,5,5,23668.41181647363,868,22800.41181647363,0.4279527281827296,7200,76,1.665544868505485,0.4193482774682839
366,54,F,0,College,Single,$80K - $120K,Blue,46,5,0,1,9702.285021207195,284,9418.285021207195,0.7796913696779958,5725,86,0.6599735839767459,0.6352095059021717
367,47,M,1,High School,Married,Less than $40K,Blue,38,4,5,4,13770.689468076398,588,13182.689468076398,1.9574585387875025,5791,72,0.0,0.0
368,35,F,0,Graduate,Single,$40K - $60K,Blue,49,4,0,2,1438.3,1064,374.29999999999995,0.44961531696711865,2285,34,2.7899634344072695,0.0
369,44,F,4,Graduate,Married,$120K +,Blue,16,2,0,6,6571.656641451098,2254,4317.656641451098,1.186167567276907,4135,89,1.5600962789240977,0.07361675481256771
370,39,M,2,High School,Unknown,$40K - $60K,Blue,55,4,0,3,17168.061726931504,1863,15305.061726931504,0.23619429782046852,8469,103,0.0,0.009127809422041111
371,49,F,1,Graduate,Divorced,Less than $40K,Blue,35,3,3,4,12234.085405611946,0,12234.085405611946,0.5630393340551872,1087,15,0.0,0.0
372,43,M,3,Unknown,Single,Less than $40K,Blue,25,3,0,5,13631.834649764753,1228,12403.834649764753,2.0132027525126075,995,17,0.7193623810952012,0.0
373,47,F,2,College,Single,Less than $40K,Blue,34,3,2,2,9143.585273824368,882,8261.585273824368,0.22165946775096296,3277,73,0.0,0.24642475581645296
374,35,F,5,High School,Single,$60K - $80K,Blue,40,2,1,5,4724.387148624213,967,3757.3871486242133,1.7094448848831447,1701,25,0.0,0.4634335273257067
375,51,M,0,Graduate,Single,Unknown,Blue,46,3,4,6,24696.091700169083,1405,23291.091700169083,0.0,3336,65,2.1963410109344417,0.03614650640143861
376,59,M,0,Post-Graduate,Unknown,$40K - $60K,Blue,36,5,3,6,5154.573020556197,1659,3495.5730205561968,2.363248120963608,831,14,0.0,0.0
377,41,F,2,Graduate,Married,Less than $40K,Blue,43,2,0,1,3719.101285250571,0,3719.101285250571,1.7421088544563048,3013,44,0.684055993148349,0.5547737588259382
378,46,M,2,Unknown,Unknown,$40K - $60K,Blue,33,1,6,6,10864.466797858073,779,10085.466797858073,1.3120433589910916,4508,79,0.32185642020830574,0.16945338401174817
379,40,F,4,High School,Single,Less than $40K,Blue,33,4,5,0,1438.3,0,1438.3,0.0,4480,72,0.0,0.04329385797913311
380,32,M,2,Post-Graduate,Married,$60K - $80K,Blue,42,4,0,3,3062.6357410324927,794,2268.6357410324927,0.04038581729042234,3460,52,0.4997758076696568,0.46966364726964427
381,52,F,1,High School,Single,Unknown,Blue,37,5,4,2,17595.455566777975,298,17297.455566777975,0.2019909442327063,1424,29,0.7321480602932195,0.0
382,52,F,2,High School,Single,$80K - $120K,Blue,34,4,1,0,16284.232777435089,472,15812.232777435089,1.3865999564208076,5904,81,0.0,0.0
383,54,F,3,Graduate,Single,$40K - $60K,Silver,33,4,4,5,20182.524188411055,2378,17804.524188411055,0.719295548186106,6948,79,0.0,0.7775761895878981
384,42,F,3,High School,Divorced,$120K +,Blue,44,3,5,0,18765.502203083423,1672,17093.502203083423,0.0,1993,60,0.0,0.32617782385481375
385,56,M,2,College,Single,$40K - $60K,Blue,43,3,4,2,12843.094803109656,2151,10692.094803109656,0.5433807342666461,2241,35,2.7989341334660836,0.0
386,26,F,4,High School,Married,Unknown,Blue,40,4,6,4,5273.132533802962,894,4379.132533802962,0.0,2064,48,1.5105469348327207,0.04845030640743418
387,46,M,5,Graduate,Single,Unknown,Blue,34,3,4,3,23333.406747091085,72,23261.406747091085,0.7891123059300728,5530,86,0.6329796693990749,0.048856856721650146
388,55,M,2,High School,Married,$120K +,Blue,25,6,2,2,1438.3,2233,3.0,0.0,5994,85,1.2004485196301276,0.0757141553232972
389,40,F,5,Graduate,Married,Less than $40K,Blue,17,2,6,0,1438.3,1338,100.29999999999995,0.762467528364413,2765,46,1.5648136334070855,0.6865795696853163
390,44,F,2,Graduate,Single,Less than $40K,Blue,43,5,5,2,6877.255343738457,741,6136.255343738457,1.3923115519166083,2716,38,0.5656092541050369,0.23003612821863595
391,39,F,1,Unknown,Married,Less than $40K,Blue,28,1,0,3,23914.76488956636,418,23496.76488956636,0.11033051941682515,5022,86,0.36543604462663004,0.0
392,43,F,4,Uneducated,Married,$80K - $120K,Blue,42,2,3,6,1438.3,0,1438.3,1.0352545773964752,3300,46,0.0,0.0
393,56,F,0,Graduate,Single,$120K +,Blue,25,3,3,3,15630.817509373928,844,14786.817509373928,0.0,3077,37,0.0,0.30670156215190986
394,50,M,5,Post-Graduate,Single,$80K - $120K,Blue,54,2,6,2,23094.48257507432,0,23094.48257507432,0.7756629960124439,2362,69,1.52386911814864,0.0
395,35,M,2,Uneducated,Single,$60K - $80K,Blue,39,5,4,2,16636.93609401433,0,16636.93609401433,2.2104903225573427,5511,90,0.0,0.0
396,42,M,2,Unknown,Married,Less than $40K,Blue,32,5,2,1,1646.0142891741689,1237,409.0142891741689,0.0,8066,114,1.5310849986114334,0.09566930733338089
397,34,F,1,Unknown,Single,Less than $40K,Blue,24,3,0,1,11211.632156240235,876,10335.632156240235,2.8062741419513513,3517,48,0.3141129552589973,0.0
398,52,F,1,Graduate,Married,$120K +,Blue,50,1,5,6,1438.3,0,1438.3,0.20605259909928952,4092,55,0.0,0.0
399,33,M,2,Graduate,Married,Unknown,Blue,44,6,6,2,26392.079996437296,618,25774.079996437296,0.0,3574,70,0.0,0.0
400,38,M,4,Unknown,Single,$40K - $60K,Blue,39,4,4,4,4824.949805369617,32,4792.949805369617,0.0,5219,74,0.0,0.0
401,37,M,3,High School,Single,Less than $40K,Blue,31,3,3,5,13503.44140254823,97,13406.44140254823,0.9421227339935111,3119,51,2.26405329478024,0.2508466202741424
402,50,F,1,Graduate,Married,Less than $40K,Blue,33,5,1,5,9779.757944584557,648,9131.757944584557,0.5471500515608669,897,10,0.38313989540016513,0.3371918074743059
403,39,F,5,High School,Unknown,Less than $40K,Blue,47,4,3,1,18884.109772962765,0,18884.109772962765,0.6570705029935295,2666,35,2.7614752524173163,0.33826349095337926
404,42,F,5,College,Single,Unknown,Blue,26,3,2,5,7980.333237255069,0,7980.333237255069,1.458037834336797,3905,62,0.0,0.9084865632407204
405,44,M,2,Graduate,Married,Unknown,Blue,21,2,0,2,13003.93766943792,1946,11057.93766943792,0.0,2071,19,1.5116704825672613,0.15478536213678704
406,37,F,3,College,Divorced,Less than $40K,Blue,26,4,4,2,1438.3,1421,17.299999999999955,0.10594954103098242,5327,63,0.5243307839857536,0.22686938883087113
407,54,F,4,Graduate,Single,$40K - $60K,Silver,23,2,2,2,12982.119201153335,0,12982.119201153335,0.0,1096,17,0.6442251986850737,0.5283615324606257
408,46,M,2,Graduate,Single,$120K +,Blue,31,4,1,4,10170.38983821289,254,9916.38983821289,0.015863593678991816,6425,98,0.0,0.0
409,50,M,2,Uneducated,Married,Unknown,Blue,49,6,6,0,1438.3,2189,3.0,0.0,3836,72,0.850499317751324,0.062010790814838804
410,48,M,1,Uneducated,Married,$40K - $60K,Blue,40,4,2,2,9995.35457301218,432,9563.35457301218,0.24269936051099072,9359,114,0.0,0.0
411,41,F,4,High School,Married,Less than $40K,Blue,27,2,3,3,14409.195405922032,2064,12345.195405922032,1.2206596401339023,6466,94,0.0,0.46084459550136414
412,52,F,0,Unknown,Single,$40K - $60K,Gold,30,3,2,3,2866.114596778021,547,2319.114596778021,0.6892648953656184,3443,55,0.0,0.07283599688833968
413,51,M,3,High School,Married,Less than $40K,Blue,41,2,6,2,7696.562555893643,1842,5854.562555893643,0.22376385874561033,931,32,1.2173286101057683,0.13481941462863256
414,44,F,3,Graduate,Single,$80K - $120K,Blue,28,3,2,1,5950.766273361133,994,4956.766273361133,1.4833249492690161,5521,72,0.0,0.2756101395870964
415,49,F,1,High School,Single,Unknown,Blue,35,5,3,6,7583.047912909122,0,7583.047912909122,0.0,3222,67,0.5608239591572638,0.15834579565558254
416,52,F,2,College,Married,$80K - $120K,Blue,34,3,4,5,2940.7258596410566,319,2621.7258596410566,0.0,3411,77,0.20313990129599524,0.0
417,49,M,0,High School,Single,$40K - $60K,Blue,37,5,0,4,13789.666578625121,66,13723.666578625121,0.6404159835880691,6797,82,0.0,0.6846448702826203
418,57,M,4,Graduate,Married,Less than $40K,Gold,30,5,4,4,9777.978410816157,0,9777.978410816157,0.0,2034,34,0.3614751249414064,0.0
419,54,F,0,Unknown,Single,Less than $40K,Blue,40,4,1,2,4350.266414943311,954,3396.2664149433112,0.0,2648,53,0.6848123825931266,0.15896671233145943
420,42,F,1,Uneducated,Married,$120K +,Blue,34,4,1,3,1438.3,1742,3.0,1.3843024132408066,3787,86,0.06847968702808205,0.35511021279036015
421,33,M,1,Uneducated,Married,$80K - $120K,Blue,49,5,2,1,8363.025853960064,0,8363.025853960064,0.625038191159418,4060,54,0.0,0.623951366186972
422,43,M,0,Doctorate,Married,Less than $40K,Blue,43,5,4,2,3169.6712908142335,622,2547.6712908142335,0.0,6190,88,0.0,0.0
423,35,F,2,Uneducated,Married,Less than $40K,Blue,37,4,4,0,1438.3,1747,3.0,0.6275626390024244,3345,68,2.194102517842003,0.3594910463578541
424,44,M,0,College,Single,Less than $40K,Blue,33,4,3,4,14617.766700954558,663,13954.766700954558,1.45357584381319,3182,57,0.0,0.17741378797135007
425,40,F,0,Uneducated,Married,Less than $40K,Silver,45,3,6,6,1438.3,868,570.3,0.0,3751,74,1.0097002450811485,0.0
426,44,M,4,Graduate,Married,Less than $40K,Blue,25,4,2,2,8822.196422448042,2052,6770.196422448042,1.3067667923536312,2895,40,0.3233839818138381,0.0
427,49,M,3,High School,Married,Less than $40K,Silver,38,4,0,1,1438.3,423,1015.3,2.1483581970339363,826,11,0.498006446897342,0.3034307010980444
428,34,F,3,Graduate,Single,Less than $40K,Blue,47,5,2,0,2870.3655469051646,2342,528.3655469051646,0.1444958215992881,6096,88,0.6878090922292324,0.0
429,51,F,4,High School,Married,Less than $40K,Blue,43,2,1,2,1438.3,1486,3.0,0.0,3687,53,1.0690560915623175,0.6669014595466575
430,43,M,4,Graduate,Single,Less than $40K,Blue,35,3,4,5,1438.3,680,758.3,0.0,5215,66,0.0,0.0
431,47,F,0,Uneducated,Unknown,$60K - $80K,Blue,37,4,1,2,6579.141837394172,0,6579.141837394172,0.08557399814088829,3772,60,0.0,0.0
432,60,M,2,College,Single,$40K - $60K,Gold,45,5,0,3,1438.3,1192,246.29999999999995,0.3631088391466395,3624,45,2.0673390285855984,0.0
433,39,M,0,Unknown,Unknown,Less than $40K,Blue,38,4,6,3,26642.385081733373,829,25813.385081733373,0.0,6726,90,0.0,0.0
434,43,M,0,Graduate,Married,$80K - $120K,Blue,31,4,0,4,1631.0765563370505,245,1386.0765563370505,2.2422043990597715,4350,65,0.0,0.3031808025083388
435,49,M,0,Uneducated,Married,$40K - $60K,Blue,17,4,2,3,5277.532603077596,0,5277.532603077596,1.378242235696486,3724,57,0.20732345882593145,0.3373494661534441
436,50,F,2,Graduate,Single,Less than $40K,Blue,36,4,3,0,1846.7673124068106,0,1846.7673124068106,0.0,9820,125,0.25307804058262107,0.0
437,43,M,5,Graduate,Married,Unknown,Blue,41,4,4,0,11086.014806347963,0,11086.014806347963,0.5362304784731726,3259,46,0.47793072159800126,0.0
438,57,F,1,High School,Married,$40K - $60K,Blue,31,6,2,5,1438.3,0,1438.3,0.0,3287,54,1.6730711919362617,0.0
439,33,F,2,Graduate,Single,Less than $40K,Blue,27,4,5,0,10522.282951721218,0,10522.282951721218,0.5227413159892434,8286,98,0.0,0.03041700655862617
440,31,M,1,Graduate,Single,Less than $40K,Blue,29,3,4,3,1438.3,591,847.3,0.0,4941,99,0.32594355482003323,0.7125155938344315
441,44,F,5,Doctorate,Unknown,$40K - $60K,Blue,24,4,1,4,1438.3,0,1438.3,0.0,6053,104,1.3981845816562775,0.2681103220581722
442,42,F,2,Unknown,Married,$80K - $120K,Blue,33,6,2,0,9789.767627537893,530,9259.767627537893,1.2536488121706655,3152,48,0.15938907214886766,0.7866073696655612
443,65,F,3,Unknown,Divorced,$120K +,Blue,22,3,3,5,4686.828438351935,0,4686.828438351935,2.3098005685452607,6598,81,1.8996999183019567,0.0
444,41,F,2,High School,Single,Less than $40K,Blue,36,5,1,5,18667.23201038917,0,18667.23201038917,0.0,6668,93,0.0,0.5873926798923464
445,38,M,1,Uneducated,Married,$40K - $60K,Blue,38,4,3,2,7126.155165770386,0,7126.155165770386,1.3134054996651146,510,10,1.1766280404661085,0.1888973362997432
446,51,M,1,High School,Married,$80K - $120K,Blue,49,6,3,2,1438.3,86,1352.3,0.9789971090634277,4767,45,0.0,0.0
447,29,F,1,Graduate,Married,Unknown,Blue,36,3,2,6,16383.41272728037,749,15634.41272728037,0.048269539833994735,4947,65,0.0,0.6617175015484686
448,48,F,4,High School,Married,$60K - $80K,Blue,36,4,2,4,14815.441265762984,724,14091.441265762984,0.0,7774,95,1.1597929572421568,0.3244846452064322
449,36,M,3,High School,Single,$120K +,Blue,46,1,0,2,1438.3,247,1191.3,0.0,6332,97,0.47013119708759255,0.0
450,37,F,2,Unknown,Married,$40K - $60K,Blue,39,4,3,5,6428.977597528003,695,5733.977597528003,0.3266716448614987,6512,85,0.5501237904767714,0.0
451,45,M,0,Graduate,Single,$40K - $60K,Blue,33,4,2,4,19412.32502919931,0,19412.32502919931,2.2167108577137418,4567,65,0.0,0.025230135823700282
452,48,F,1,Graduate,Single,$120K +,Blue,42,3,4,2,5228.2372895991975,710,4518.2372895991975,1.1411130714689277,3400,38,0.6672496890191489,0.03559207845798806
453,37,F,4,Uneducated,Single,Less than $40K,Blue,44,5,5,5,6427.281424076813,456,5971.281424076813,0.35766293254140835,1774,33,1.9184086819466897,0.5783753246304415
454,34,M,1,Post-Graduate,Married,$80K - $120K,Blue,44,5,0,1,12167.936396575264,0,12167.936396575264,0.46761542926375554,1096,17,0.0,0.3694744824774342
455,48,M,1,Unknown,Single,Less than $40K,Blue,32,3,6,2,3976.894818862689,0,3976.894818862689,2.673002925312611,1735,37,0.0,0.17659945252351744
456,39,F,1,Doctorate,Married,$80K - $120K,Blue,37,2,4,3,9785.17813109955,0,9785.17813109955,0.6930800671496059,8397,88,1.1051348486916641,0.05666646999343267
457,44,F,2,Uneducated,Divorced,$60K - $80K,Blue,24,2,0,2,1438.3,159,1279.3,0.7408333516892338,4386,65,0.4020282501602054,0.02918017752690988
458,33,F,2,Graduate,Married,$120K +,Blue,26,5,3,6,12423.085679252155,0,12423.085679252155,1.3398819026633673,3003,39,0.8011494777113679,0.0
459,33,F,5,Graduate,Single,Less than $40K,Blue,30,3,1,0,4355.996176524003,0,4355.996176524003,0.5482967705567965,3048,40,1.9677884120819842,0.10291122005944933
460,35,F,3,Unknown,Single,Less than $40K,Silver,32,6,2,4,7588.6138288580605,0,7588.6138288580605,1.3787387912517866,2166,42,2.1287007154632858,0.0
461,56,M,1,High School,Unknown,Unknown,Blue,28,1,4,2,13243.001577936893,0,13243.001577936893,0.0,4653,65,1.7476048816374092,0.1728020264282985
462,47,F,4,Uneducated,Single,$120K +,Blue,21,5,3,0,4478.388255628901,1181,3297.388255628901,1.8318050552767293,9756,120,0.3535243875639283,0.142709266888516
463,46,M,5,College,Married,$40K - $60K,Blue,34,5,2,0,1438.3,2442,3.0,0.6420013912767475,7083,98,0.9298042596081166,0.2667133475505544
464,47,F,3,College,Married,$40K - $60K,Blue,30,6,2,0,1438.3,710,728.3,0.0,3415,79,0.2845568516071529,0.09373853005051515
465,53,F,3,Unknown,Married,Unknown,Blue,33,3,3,2,1438.3,414,1024.3,0.0,4059,78,0.0,0.00030432214865086515
466,42,M,2,High School,Married,$40K - $60K,Blue,56,5,0,2,7195.870644517851,908,6287.870644517851,0.5700125003896984,4408,81,0.0,0.5526442592762364
467,48,F,3,College,Married,Less than $40K,Blue,36,3,5,4,1933.450895174251,0,1933.450895174251,0.6878138609319827,3934,64,1.0087730375969919,0.3993687684730145
468,45,F,2,Unknown,Married,Less than $40K,Blue,40,5,1,5,4405.911391895819,1957,2448.911391895819,1.3256138847343233,2665,44,0.0,0.5877323180713223
469,53,F,4,Doctorate,Married,Less than $40K,Blue,34,3,4,1,21751.329591474467,1174,20577.329591474467,0.3694018729396384,2936,34,0.9946080175904042,0.0
470,43,F,0,Unknown,Single,Less than $40K,Blue,22,2,0,5,12926.31012081101,745,12181.31012081101,1.3986719283707096,7628,80,0.0,0.46547100493433524
471,39,F,0,College,Married,Unknown,Blue,30,6,2,4,13834.007746345855,325,13509.007746345855,0.0,4923,82,1.7416379092763834,0.28671042748415354
472,42,M,3,Unknown,Married,$120K +,Blue,41,5,4,2,13737.605997695906,1602,12135.605997695906,1.5254646293278764,1742,27,0.034339041086761446,0.002487767775078281
473,47,F,2,Graduate,Married,Less than $40K,Blue,39,3,2,0,11474.203337182942,1084,10390.203337182942,0.0,5344,58,0.0,0.7171661441977998
474,49,M,0,High School,Married,Less than $40K,Blue,44,6,2,1,14907.690974250105,0,14907.690974250105,1.0387706428204302,620,10,0.0,0.01338806948070545
475,38,F,2,Doctorate,Married,Less than $40K,Blue,20,3,3,1,10315.671521058315,644,9671.671521058315,0.5176268400571781,2211,39,0.9796738213201612,0.17723015022602237
476,40,M,0,High School,Divorced,Unknown,Blue,22,2,2,4,1438.3,958,480.29999999999995,0.4003850044989565,3445,65,0.21735324115137855,0.0
477,30,M,1,Graduate,Married,Less than $40K,Blue,33,4,3,2,26500.106088320135,351,26149.106088320135,0.0,7294,109,0.0,0.3576234926334141
478,33,F,1,College,Single,$80K - $120K,Blue,33,4,2,2,10447.560113710193,534,9913.560113710193,0.4011982529291266,5088,60,3.5487206351631944,0.0
479,42,M,2,College,Married,Less than $40K,Silver,25,3,0,1,32493.31352022044,2186,30307.31352022044,1.5498004660096136,5278,69,1.5091397093715058,0.22785472128313627
480,47,F,0,Graduate,Single,$80K - $120K,Blue,39,4,1,1,1438.3,590,848.3,1.1382544662171774,614,10,1.882883237953001,0.2494982837301788
481,47,F,1,Post-Graduate,Single,$120K +,Blue,51,3,3,6,1438.3,751,687.3,1.9983115710347972,7400,92,0.0,0.260707444806241
482,45,M,2,Uneducated,Single,$40K - $60K,Blue,26,2,5,4,14965.253079451297,117,14848.253079451297,1.007331381119266,7341,74,0.0,0.4132276384059962
483,53,M,3,Graduate,Married,Less than $40K,Blue,32,3,4,1,10266.217105010552,24,10242.217105010552,0.0,1937,26,0.0,0.047069081662399155
484,34,M,0,Unknown,Divorced,$80K - $120K,Blue,32,1,0,5,13698.889403606114,2517,11181.889403606114,0.0795447286999551,6480,125,0.0,0.18783096869338425
485,57,F,5,Graduate,Married,$80K - $120K,Blue,43,2,4,1,16205.041847761951,2517,13688.041847761951,1.8474346827275725,6174,78,0.0,0.13635638280119272
486,49,F,0,Graduate,Married,Less than $40K,Blue,36,2,0,4,4937.641721201977,922,4015.641721201977,0.7279915466476794,626,10,2.875337304714539,0.0
487,36,F,5,Uneducated,Married,$80K - $120K,Blue,36,5,5,1,1438.3,0,1438.3,0.9278070410677413,3011,41,1.5625263354967056,0.0
488,64,F,3,Doctorate,Married,$60K - $80K,Blue,40,3,1,1,2175.0935511606212,839,1336.0935511606212,1.414915664797818,3484,48,0.2210173711303119,0.0
489,40,M,0,High School,Single,Less than $40K,Blue,32,3,3,2,15697.035267723135,1734,13963.035267723135,0.0,2028,25,0.0,0.08275559269496056
490,49,M,4,College,Single,Less than $40K,Blue,47,3,1,6,1438.3,474,964.3,1.3690037254864025,7789,94,0.05191312420573213,0.0
491,45,F,3,Uneducated,Single,$80K - $120K,Blue,20,4,6,6,17604.91134915912,624,16980.91134915912,1.5004833216559903,3291,60,2.9566946182246276,0.0
492,32,M,1,Uneducated,Divorced,Unknown,Blue,36,4,0,4,6630.868778893527,787,5843.868778893527,1.1559257465524104,5834,91,0.0,0.3073193536359387
493,48,F,1,Unknown,Single,Less than $40K,Blue,21,3,1,3,6064.890621085266,1747,4317.890621085266,1.0022586415388124,3616,55,1.637680902957253,0.0
494,32,F,4,High School,Single,$40K - $60K,Blue,41,1,3,5,5456.868222323281,395,5061.868222323281,0.0,1831,30,0.7814742050368608,0.0
495,59,F,2,Graduate,Single,$120K +,Blue,29,3,6,2,12039.740333330104,2517,9522.740333330104,0.0,3423,44,1.4516250456883495,0.32700210803043633
496,46,M,2,Graduate,Married,Unknown,Blue,20,4,6,2,1438.3,698,740.3,0.20929391252761365,5826,85,0.0,0.0
497,34,M,2,Graduate,Single,$40K - $60K,Blue,30,3,0,3,5213.011133437085,1745,3468.011133437085,0.08591071056093169,1440,25,0.9245004390643947,0.0
498,47,F,1,Doctorate,Single,$80K - $120K,Blue,34,6,0,4,4860.810819605839,2128,2732.8108196058392,0.0,2170,21,0.2154116788762595,0.0
499,55,M,2,College,Single,Less than $40K,Blue,49,4,0,0,1707.346224491952,49,1658.346224491952,0.6338666551634494,4417,65,1.6280666441837726,0.0
500,57,M,0,Uneducated,Married,Less than $40K,Blue,56,4,4,5,4777.6463646609445,45,4732.6463646609445,0.0,8759,116,0.0,0.0
501,47,F,2,Unknown,Single,Less than $40K,Blue,37,2,1,5,6226.457838707196,241,5985.457838707196,0.7868963571949201,3345,53,2.212142989338336,0.6255494222534311
502,56,F,5,College,Married,$80K - $120K,Blue,35,2,6,3,13701.20760679213,336,13365.20760679213,1.0576170209826439,7721,100,1.3636127389076869,0.3340848353020309
503,60,M,0,Uneducated,Single,Less than $40K,Blue,38,3,1,2,10451.588495691372,318,10133.588495691372,1.903858162992128,4458,58,0.0,0.033188355134784575
504,51,F,3,Graduate,Single,$40K - $60K,Blue,28,2,5,2,7273.397301523444,0,7273.397301523444,0.906393959873108,3297,56,1.430514669011174,0.09055896260010435
505,46,M,3,Unknown,Single,Less than $40K,Blue,22,2,4,5,3176.5291202517756,626,2550.5291202517756,0.0,3199,58,0.0,0.2429571875040875
506,43,M,3,High School,Single,$120K +,Blue,32,2,1,6,11085.736893893485,1308,9777.736893893485,0.0,5398,104,1.9426285487103998,0.0749181181241248
507,40,F,3,Post-Graduate,Married,Less than $40K,Blue,23,3,4,5,1438.3,453,985.3,0.0,6371,98,0.8308822518110888,0.14305811325145776
508,51,F,1,High School,Single,Less than $40K,Blue,26,1,3,0,2201.84204590679,1658,543.8420459067902,0.5658251934364839,3136,41,0.5158803408898358,0.1860163179744036
509,49,M,4,Unknown,Married,Less than $40K,Blue,53,4,3,2,12269.955150134567,2000,10269.955150134567,1.498230439086913,3101,49,0.0,0.1237924209966977
510,47,M,3,Graduate,Married,Less than $40K,Blue,44,6,3,4,1438.3,1542,3.0,0.0,3613,36,0.9963401936125564,0.3792947592545791
511,28,M,2,Unknown,Single,$40K - $60K,Blue,21,2,2,2,18222.18820587131,2240,15982.188205871309,1.6905412955193224,1571,35,0.0,0.2522090355289708
512,26,M,3,High School,Married,$80K - $120K,Blue,13,2,3,6,3013.774077734658,500,2513.774077734658,1.1862422427405694,8156,109,1.6553331709204469,0.0
513,63,F,1,Graduate,Divorced,Unknown,Blue,42,4,4,2,17567.117611268204,1529,16038.117611268204,1.1017562415426783,3337,51,0.012584444721210453,0.999
514,63,F,3,College,Married,$80K - $120K,Blue,50,3,5,3,7798.074182595522,933,6865.074182595522,1.5311914704314038,3233,47,1.4836476776809104,0.4497077217521363
515,42,F,2,Unknown,Married,$40K - $60K,Blue,31,2,4,1,3786.4165463396776,1037,2749.4165463396776,1.0947813677041927,871,10,2.1170171078823543,0.37433905621787433
516,47,F,0,Graduate,Married,Less than $40K,Blue,45,5,2,3,1438.3,313,1125.3,1.3589125780450109,7386,88,0.0,0.6476888588785394
517,47,F,1,Graduate,Single,$120K +,Blue,41,3,6,4,4966.318175772847,430,4536.318175772847,1.6805589437321908,6454,90,0.880874329262884,0.35760163870818007
518,33,M,0,Unknown,Married,Less than $40K,Blue,33,6,5,1,10675.75781340983,0,10675.75781340983,2.333268025646672,510,10,0.8926730044878313,0.5023609348005061
519,33,M,3,High School,Single,$40K - $60K,Blue,35,3,4,4,12002.816835550302,446,11556.816835550302,0.028600712088984404,553,10,0.0,0.28179798866058037
520,40,F,3,Graduate,Married,$80K - $120K,Blue,30,4,2,5,16774.640309799106,214,16560.640309799106,1.184957982292317,4950,52,0.9983675787670808,0.0
521,39,M,4,High School,Married,$40K - $60K,Blue,43,2,5,0,3927.970577469916,423,3504.970577469916,0.7732180352428111,5986,78,1.7299316649927787,0.46153963226610983
522,34,F,3,Unknown,Married,Less than $40K,Blue,30,2,3,3,20064.913564500715,775,19289.913564500715,0.0,643,10,2.4084964301515406,0.0
523,43,M,0,Unknown,Married,$60K - $80K,Blue,48,3,3,6,5272.483685484463,711,4561.483685484463,0.48836741119719085,5452,81,3.286233672198115,0.19359950146950206
524,53,F,2,Graduate,Married,Less than $40K,Blue,29,1,5,2,8116.084379339314,655,7461.084379339314,0.0,2610,32,0.0,0.055688112314131955
525,40,F,1,Doctorate,Married,$60K - $80K,Blue,38,1,3,5,1438.3,2517,3.0,3.0784696606671487,4063,50,0.3074482836168588,0.0
526,44,M,3,Uneducated,Single,Less than $40K,Silver,35,2,5,5,3474.2904016131324,0,3474.2904016131324,0.947688648553501,1688,19,1.45531347352619,0.0
527,61,M,2,Unknown,Single,Less than $40K,Blue,38,5,3,2,1438.3,641,797.3,0.0,4417,75,0.0,0.0
528,43,M,0,High School,Unknown,Less than $40K,Blue,46,3,0,2,7878.930035667096,0,7878.930035667096,0.4100812162918036,3591,47,1.4975973502698823,0.16809498476719933
529,52,F,2,Unknown,Single,Less than $40K,Blue,32,6,2,3,2891.9904733913236,2177,714.9904733913236,0.06374910193786865,4328,71,0.0,0.0
530,50,F,5,Uneducated,Married,Less than $40K,Blue,39,5,2,2,1858.1636019234884,48,1810.1636019234884,0.0,8521,118,0.7419195442968818,0.0
531,45,M,2,Post-Graduate,Married,$40K - $60K,Blue,55,2,3,0,2256.6801030435245,173,2083.6801030435245,0.09459237973675483,7171,97,1.6098063042236146,0.06946694981623357
532,41,M,1,Graduate,Unknown,$40K - $60K,Blue,34,2,6,6,5698.529775862487,0,5698.529775862487,0.48113592757995954,4956,63,0.8039676909146685,0.0
533,45,M,2,High School,Single,Unknown,Blue,30,4,3,0,1438.3,631,807.3,1.0364216737738907,5786,63,0.32705695767909426,0.6150409370290657
534,38,F,0,College,Married,Less than $40K,Blue,36,3,0,6,4197.976864836783,0,4197.976864836783,0.0,4039,60,0.0,0.0
535,39,M,1,Graduate,Married,$120K +,Blue,36,4,2,3,1438.3,1216,222.29999999999995,1.2033303560532413,6039,84,0.33545330904820775,0.1601713166588597
536,41,M,5,Uneducated,Married,Less than $40K,Silver,26,2,1,6,9299.104273162056,2517,6782.104273162056,0.7814221368779648,5953,82,0.99106146638181,0.0
537,39,F,4,Post-Graduate,Married,Unknown,Blue,26,4,0,0,15340.99151185877,2199,13141.99151185877,0.0,6619,90,0.0,0.0
538,48,F,1,Graduate,Married,Less than $40K,Silver,34,4,0,4,9264.682175793976,0,9264.682175793976,0.0,1827,29,0.17546524433815158,0.0
539,37,F,0,High School,Married,Less than $40K,Blue,46,3,6,3,9377.247917876142,0,9377.247917876142,1.223945675785239,559,10,2.7209695609341487,0.0
540,66,F,4,Graduate,Unknown,Less than $40K,Blue,18,4,5,4,1679.7740697082681,1479,200.77406970826814,0.0,5356,106,0.3495672101741928,0.3353217930301776
541,51,M,1,Uneducated,Married,$40K - $60K,Blue,34,3,2,4,8545.038113351096,772,7773.038113351096,0.7777782214962576,3540,42,2.3881997604291416,0.474621183083547
542,52,F,1,Graduate,Single,$40K - $60K,Blue,34,1,4,6,12123.584278412916,1515,10608.584278412916,1.0157964052549364,2171,22,0.3439576204035482,0.28647748977777804
543,42,F,3,Graduate,Divorced,$40K - $60K,Blue,39,4,0,2,17252.548177305933,0,17252.548177305933,0.07379036119757154,4823,81,0.0,0.0
544,33,M,3,High School,Single,$40K - $60K,Blue,29,5,0,3,15469.83588781685,1166,14303.83588781685,0.0,6258,91,1.2869046474077543,0.7076294166261189
545,49,F,0,Graduate,Single,Less than $40K,Blue,39,4,2,3,19192.598655635855,2517,16675.598655635855,0.0,8355,118,1.72200107515311,0.0
546,36,M,0,Graduate,Married,Less than $40K,Blue,27,3,0,2,1569.5312616549654,595,974.5312616549654,0.6396935007201939,2289,29,0.3461085950459042,0.1538989333524164
547,42,M,1,Uneducated,Single,Less than $40K,Blue,38,4,0,4,3182.1456521437794,2517,665.1456521437794,2.1600543968281007,618,10,3.077553607978898,0.12221288631033969
548,31,M,1,Graduate,Married,Less than $40K,Blue,46,2,2,1,16116.659473287931,1495,14621.659473287931,0.0,1431,29,1.0174116589132767,0.035364661054093624
549,47,F,3,Graduate,Single,$40K - $60K,Blue,46,6,0,3,1438.3,1669,3.0,0.9056865423810484,3636,44,1.7664543354695303,0.26960063890712654
550,54,M,1,High School,Married,$40K - $60K,Blue,30,4,1,1,3118.4050273998964,732,2386.4050273998964,1.4164286703480014,621,10,1.5607043419422824,0.3821915189557663
551,47,M,0,Unknown,Single,$80K - $120K,Blue,37,3,4,3,25300.69623415852,180,25120.69623415852,0.0,9412,98,0.0,0.4439223593258744
552,40,F,5,College,Married,$120K +,Blue,38,6,2,3,11358.619614619829,1098,10260.619614619829,0.0,2658,32,0.7427429772117222,0.006274526075354059
553,45,M,2,Graduate,Unknown,Unknown,Gold,36,2,1,1,8861.059545439512,0,8861.059545439512,0.0,1903,34,0.0028013537757201057,0.0
554,49,M,3,Doctorate,Divorced,Less than $40K,Blue,33,3,2,4,11088.866313242346,1591,9497.866313242346,0.9444223587013629,3182,41,1.73524498442191,0.20617958451112853
555,46,F,0,Graduate,Divorced,$60K - $80K,Blue,42,3,3,4,1438.3,988,450.29999999999995,0.30474300226425677,1739,33,0.7179484943616274,0.6994878815268343
556,55,F,4,Uneducated,Married,Unknown,Blue,42,5,4,3,3259.4483280629765,0,3259.4483280629765,2.8107491652992556,583,10,1.1826868227988603,0.0
557,47,M,2,Unknown,Married,$40K - $60K,Silver,33,4,5,3,5056.701936061401,492,4564.701936061401,0.0,3263,60,0.5007796841531106,0.0
558,48,M,3,Post-Graduate,Married,$80K - $120K,Blue,37,3,0,1,1438.3,362,1076.3,0.42255933752619634,10658,125,0.0,0.3534105310093198
559,30,M,0,Uneducated,Single,Unknown,Blue,33,3,2,4,1438.3,1574,3.0,0.6810274273469944,2652,33,1.5730537542831238,0.4635631680812895
560,37,M,2,Graduate,Single,$80K - $120K,Gold,32,5,5,3,29509.8078234096,1511,27998.8078234096,1.3109876918321923,2324,43,0.0,0.1878707282555433
561,54,M,2,High School,Single,Less than $40K,Blue,26,3,4,6,6304.994669417369,1454,4850.994669417369,0.0,3016,42,0.9506133470365079,0.34801612900438994
562,47,F,2,Graduate,Married,Unknown,Blue,13,4,0,2,9190.262477969836,1060,8130.262477969836,0.6345492135319798,4902,70,2.7703378322221015,0.2645061569546681
563,39,F,5,Graduate,Single,$60K - $80K,Blue,28,4,5,4,1438.3,2517,3.0,1.1292621992821004,4195,55,0.0,0.0
564,40,F,3,Uneducated,Married,$40K - $60K,Blue,52,4,2,3,12025.603268910787,407,11618.603268910787,0.5797402494762983,1960,44,1.0852709122034658,0.493601093201508
565,41,F,2,Graduate,Single,Less than $40K,Blue,33,4,3,0,2714.1268781291237,1590,1124.1268781291237,1.0125458049834628,2252,49,0.0,0.0
566,40,F,2,Uneducated,Unknown,$60K - $80K,Blue,24,3,4,2,17752.090710666685,974,16778.090710666685,0.40848799317965306,2791,45,1.8592669415147074,0.20050586297018455
567,42,M,1,Graduate,Divorced,Less than $40K,Blue,38,3,3,6,2709.6918539010476,1469,1240.6918539010476,2.607671599951199,7914,109,0.0,0.36741663254818946
568,54,F,1,Graduate,Single,Less than $40K,Blue,15,6,3,5,1438.3,0,1438.3,0.0,6775,107,1.104487747265194,0.698230301556247
569,52,F,3,High School,Married,$40K - $60K,Silver,36,2,6,2,23242.540263442723,312,22930.540263442723,1.9171316822945288,1158,19,0.19000002531654675,0.0
570,39,F,0,High School,Married,$80K - $120K,Silver,38,2,0,3,1712.4113867418382,162,1550.4113867418382,0.0,4237,50,0.9159273102934767,0.5718505710670758
571,52,F,1,Graduate,Single,Less than $40K,Blue,26,3,4,0,9245.97893469584,1132,8113.9789346958405,1.5595926238954718,891,12,0.0,0.035525055236967126
572,47,F,4,Doctorate,Married,Less than $40K,Blue,32,3,3,4,18226.006320610955,500,17726.006320610955,1.1213980281468965,2882,31,2.8195422052294004,0.4689706778238001
573,44,F,4,High School,Single,$120K +,Blue,46,6,6,3,4484.970004240233,1157,3327.970004240233,0.19909720128000796,3119,60,0.35051081630669473,0.0
574,53,M,5,College,Unknown,Less than $40K,Blue,36,1,0,4,1438.3,1701,3.0,1.3911608011298071,3079,38,1.0796019683521973,0.0
575,62,F,4,High School,Married,$40K - $60K,Blue,33,2,5,2,9057.006951448466,2060,6997.006951448466,0.3751093896877456,2961,47,1.8070252378516614,0.0
576,48,M,2,Uneducated,Unknown,Less than $40K,Blue,17,3,4,1,10002.414452021188,0,10002.414452021188,0.0,4607,66,0.9976496932477208,0.0
577,54,F,4,Graduate,Married,$40K - $60K,Blue,33,2,6,3,1438.3,241,1197.3,0.8866381283627383,5286,76,0.0,0.7764937389931953
578,44,F,3,High School,Single,Unknown,Blue,41,2,3,3,17584.55709261413,2232,15352.55709261413,0.0,5287,78,2.892047444221696,0.0
579,57,F,1,Graduate,Divorced,$80K - $120K,Blue,24,5,3,3,12022.187902600503,475,11547.187902600503,1.9023768089870574,5465,83,0.0,0.3626587083429305
580,38,F,0,Unknown,Married,$60K - $80K,Blue,43,1,0,3,8227.592719371401,0,8227.592719371401,1.3023525934443678,2801,55,1.6254690454356417,0.7637285606704604
581,41,F,4,Post-Graduate,Married,Unknown,Blue,29,3,0,5,1438.3,571,867.3,0.2749783679173347,2627,49,1.5863638362482506,0.021070115432797187
582,49,M,2,Post-Graduate,Married,$60K - $80K,Blue,40,4,4,3,8600.48641054985,393,8207.48641054985,1.5775479071161107,3983,75,1.395397985612072,0.44182712703492244
583,52,F,3,Graduate,Unknown,Unknown,Blue,48,3,2,4,12055.631604854909,207,11848.631604854909,0.01468328508567518,3975,89,0.0,0.3634932825431264
584,26,M,2,Uneducated,Unknown,$60K - $80K,Blue,24,1,1,3,1438.3,43,1395.3,0.0,2491,29,1.1246687423407016,0.0
585,54,F,3,Doctorate,Single,$80K - $120K,Blue,49,2,0,2,20569.922239732656,1571,18998.922239732656,1.0560874773843336,1107,17,0.49442128639106414,0.4416380274592586
586,59,M,4,High School,Married,$80K - $120K,Blue,42,5,0,3,22309.67785928247,1371,20938.67785928247,0.6580846735410245,5847,84,1.189478282935677,0.4998012450625565
587,37,M,0,Graduate,Married,$80K - $120K,Blue,50,4,1,5,10104.183829326852,1389,8715.183829326852,2.850621583900015,2571,57,2.0269383557404614,0.12456810792014278
588,42,F,4,Graduate,Married,$40K - $60K,Blue,16,2,3,5,1438.3,2028,3.0,0.0,3951,83,1.2459444520373824,0.0
589,63,M,2,High School,Single,$120K +,Blue,33,3,1,0,6865.335624118075,0,6865.335624118075,0.799558758030084,845,10,2.128506006760233,0.5351418384724598
590,40,F,3,Uneducated,Married,$80K - $120K,Blue,37,5,1,5,23838.180307657167,223,23615.180307657167,2.615213091005124,1347,24,2.4172453824838667,0.02889573502266149
591,57,F,0,College,Married,Less than $40K,Blue,29,3,3,3,8671.331944730964,521,8150.331944730964,0.0,3655,49,1.0722461491006694,0.6031559415810591
592,61,M,4,Uneducated,Married,Less than $40K,Blue,33,3,2,3,10606.072975800846,0,10606.072975800846,0.0,7548,106,1.1820777906524693,0.22768818134417695
593,52,F,4,Graduate,Married,Unknown,Blue,32,1,3,4,4218.921592857512,0,4218.921592857512,0.6323686461901069,4507,53,0.796519946223431,0.8417931615342653
594,41,M,5,Uneducated,Single,$120K +,Silver,32,1,1,0,10997.071525233932,0,10997.071525233932,0.0,4599,73,0.0,0.0
595,53,M,4,Uneducated,Married,$40K - $60K,Blue,33,2,4,4,17422.518637337387,0,17422.518637337387,0.7450010081635366,3373,61,0.45228252932297097,0.2748008894232362
596,60,M,5,Graduate,Married,$80K - $120K,Blue,41,2,3,5,14165.901558756446,523,13642.901558756446,0.48871498810580755,4115,72,0.32786316873493077,0.07541400564388237
597,59,M,1,Graduate,Single,$80K - $120K,Blue,32,4,2,4,1914.2510988615277,438,1476.2510988615277,0.0,3278,58,0.8762169938040836,0.10949449742127237
598,41,M,1,Unknown,Single,Less than $40K,Blue,41,3,0,2,15639.575593527548,1869,13770.575593527548,2.127849105748586,2828,54,0.6606671771658453,0.0
599,52,M,2,Uneducated,Married,$120K +,Blue,44,3,0,4,8035.138163564349,737,7298.138163564349,0.34725249686543536,2356,52,0.0,0.2585495762316833
600,36,F,5,College,Married,Less than $40K,Blue,26,3,0,2,6058.273386860408,0,6058.273386860408,1.0366028311062223,2610,45,2.215511946215916,0.07507447960044696
601,30,F,2,Graduate,Married,Unknown,Blue,23,4,0,5,11754.59134849931,210,11544.59134849931,1.0059813270565658,6856,101,0.0,0.031374782858040295
602,49,F,5,Post-Graduate,Single,$40K - $60K,Blue,23,1,2,5,3790.799664456028,0,3790.799664456028,0.0,5239,80,0.6046120339962384,0.0
603,55,F,5,High School,Single,Unknown,Blue,18,4,2,0,1438.3,1611,3.0,2.779910269718582,3213,40,0.0043851234338510015,0.0
604,44,F,2,Unknown,Unknown,Less than $40K,Blue,31,2,2,5,4554.247700935011,921,3633.2477009350114,0.7181199985120965,3526,59,0.0,0.6015238129889597
605,48,M,2,Uneducated,Married,Less than $40K,Blue,43,5,3,3,20268.900282789862,0,20268.900282789862,0.0,4199,59,0.8520494412371551,0.17189856319268992
606,65,F,3,Graduate,Divorced,Less than $40K,Blue,34,3,2,0,17218.895815918437,1859,15359.895815918437,0.0,5086,46,0.7948875432327344,0.0
607,47,F,2,High School,Married,$80K - $120K,Blue,50,1,0,3,15572.898960983166,28,15544.898960983166,0.19771295685146367,5164,90,0.8838515033693297,0.24841234126603506
608,42,M,3,High School,Single,$60K - $80K,Blue,37,1,3,5,3102.669959356599,1085,2017.669959356599,2.3538737914605146,2663,39,0.6984842780733022,0.38502595788171873
609,65,M,2,Post-Graduate,Single,Less than $40K,Blue,13,4,1,1,6240.680633277584,0,6240.680633277584,0.0,5078,64,0.23806593491211953,0.21353076382535435
610,51,F,4,Doctorate,Unknown,Less than $40K,Platinum,22,2,4,3,4390.191923113222,0,4390.191923113222,0.18546344761779132,5118,87,0.0,0.05159580637577457
611,48,M,5,Unknown,Single,$40K - $60K,Blue,34,2,2,1,10762.430621465826,0,10762.430621465826,1.0678459058426588,4304,65,1.0732003727869441,0.0
612,48,M,4,Uneducated,Married,$80K - $120K,Blue,40,4,1,3,1438.3,0,1438.3,0.0,6769,93,1.080748116709979,0.14224023803416422
613,46,F,2,Graduate,Single,$80K - $120K,Blue,20,4,3,2,7263.655890115457,556,6707.655890115457,0.9761781982257631,4618,72,0.1561717940352525,0.1996825162217207
614,50,M,5,Uneducated,Single,Less than $40K,Silver,23,4,0,3,16212.146023135505,767,15445.146023135505,0.566587447528762,1940,35,0.0,0.2467937966056301
615,46,F,1,Unknown,Single,Less than $40K,Blue,41,2,0,0,1438.3,1529,3.0,0.9240947246497622,2261,31,1.4952460430165697,0.5466638670111799
616,50,M,1,Uneducated,Married,$120K +,Blue,45,2,3,2,9119.616783656145,568,8551.616783656145,0.6374340296314931,6438,96,0.8065988071288277,0.0
617,64,F,3,High School,Single,Unknown,Blue,44,2,5,4,5026.545608026669,1917,3109.5456080266686,0.8379695593965631,3693,70,1.6587199248001294,0.3158560358992115
618,52,F,1,College,Unknown,Less than $40K,Blue,17,1,3,2,28745.743822490134,1691,27054.743822490134,0.4546171723918191,2357,42,1.45534992375398,0.46422264969151394
619,45,M,0,Uneducated,Divorced,$40K - $60K,Blue,26,4,0,0,1438.3,1364,74.29999999999995,1.3846140043610649,3812,43,0.0,0.0
620,48,F,3,Uneducated,Single,$60K - $80K,Gold,36,3,0,0,10359.332281765943,2026,8333.332281765943,0.0,4566,80,1.6794015621856424,0.06120367446988241
621,47,M,4,Unknown,Married,$40K - $60K,Silver,45,3,0,0,1438.3,857,581.3,0.840748695743849,999,17,0.0,0.4501656206285258
622,51,M,3,Graduate,Single,Less than $40K,Blue,37,5,1,6,1438.3,363,1075.3,0.5431677374836942,2142,32,1.0901151377952276,0.38741819773707054
623,26,F,1,Uneducated,Single,Less than $40K,Blue,24,5,3,2,1438.3,0,1438.3,0.9154554677461297,4624,60,1.3187163673777398,0.0
624,51,M,1,College,Single,Less than $40K,Blue,44,3,2,5,1438.3,609,829.3,1.493588635965524,589,10,0.8617474661977331,0.40905448871642275
625,37,M,4,Doctorate,Married,Less than $40K,Blue,33,3,5,4,1438.3,0,1438.3,0.6077486941604712,3274,56,0.025880908721018447,0.25363435223843034
626,49,M,2,High School,Single,Less than $40K,Blue,35,4,4,6,1438.3,655,783.3,0.8868722889077398,3083,39,2.073378698582434,0.01523607263193738
627,63,F,0,Post-Graduate,Single,$60K - $80K,Blue,21,4,4,6,3605.702545351637,0,3605.702545351637,2.1866450439656493,5136,58,0.8702803999694615,0.9789041608775237
628,52,F,2,Unknown,Single,$60K - $80K,Blue,56,5,1,0,3408.510679810329,0,3408.510679810329,0.025632918647790937,2170,27,0.0,0.40252670586696504
629,45,F,3,College,Single,$40K - $60K,Blue,23,3,2,6,1438.3,406,1032.3,0.9313275911596158,4793,55,1.8677781477843873,0.5863248740683933
630,53,F,2,Graduate,Unknown,$40K - $60K,Blue,40,4,0,5,7812.5513781340505,437,7375.5513781340505,1.555665389979814,523,10,0.0,0.0
631,40,F,1,College,Married,$60K - $80K,Blue,34,4,4,6,1438.3,428,1010.3,1.770618807303124,6904,110,0.4583003209555284,0.0
632,43,F,2,College,Unknown,Unknown,Blue,40,5,0,0,23836.33819483121,0,23836.33819483121,1.8666660110123392,3321,53,0.0,0.40783534888955564
633,40,M,0,Unknown,Married,Less than $40K,Blue,28,2,6,0,1438.3,453,985.3,0.8981088606930804,4975,88,1.433153327861782,0.08225855955470288
634,50,M,2,High School,Single,Less than $40K,Blue,50,2,4,5,7823.368011292784,0,7823.368011292784,0.7173482605567877,1094,17,1.2945344377744905,0.9583076167801621
635,33,F,3,High School,Married,$40K - $60K,Blue,45,4,3,2,3305.265524835366,384,2921.265524835366,3.071080032852106,7244,86,1.831032957765094,0.0
636,48,M,3,College,Divorced,$80K - $120K,Blue,29,4,4,5,5179.204725345501,2383,2796.204725345501,0.0,1660,35,1.722777600729327,0.3529462637172451
637,36,M,1,High School,Single,Less than $40K,Blue,35,2,0,6,3700.707350550825,0,3700.707350550825,0.3050600151046469,3451,55,0.9945589187505026,0.3320619382423883
638,43,M,2,Unknown,Single,Less than $40K,Blue,32,3,0,5,19111.366693270673,1810,17301.366693270673,0.0,5448,80,0.0,0.0
639,26,F,2,Post-Graduate,Married,$40K - $60K,Blue,27,2,4,6,4506.876906690103,635,3871.876906690103,0.0,5449,98,0.19764389618151285,0.0
640,57,F,0,College,Single,$60K - $80K,Blue,40,3,2,1,4837.668142322747,1386,3451.6681423227474,3.0537590442075144,720,10,2.2266874651848476,0.18131454560771726
641,54,M,2,Uneducated,Married,$120K +,Blue,36,3,1,6,4949.863156761514,772,4177.863156761514,1.4529220925972206,5984,76,0.7311118226195197,0.030156474960960064
642,60,F,2,Doctorate,Single,Unknown,Blue,54,4,3,4,12289.261057777276,759,11530.261057777276,0.6704109408013023,2830,43,0.49518825538677336,0.43675751658077516
643,43,M,1,High School,Single,$40K - $60K,Blue,35,4,2,0,8326.446790776998,205,8121.446790776998,1.361798899098942,5456,101,0.13190049456089709,0.0
644,49,F,2,Uneducated,Unknown,Unknown,Blue,41,3,6,2,9214.261354655526,0,9214.261354655526,0.0,3697,55,1.8310084314508388,0.2704680659589959
645,50,F,1,Unknown,Divorced,$60K - $80K,Blue,52,1,0,3,1850.4391164387007,1239,611.4391164387007,0.06057523415394739,4152,60,0.33306041410174886,0.48944043853517544
646,50,F,2,Uneducated,Unknown,$60K - $80K,Blue,16,3,4,2,1438.3,979,459.29999999999995,3.397,3676,45,0.318596343708951,0.5723643554503299
647,53,M,0,Unknown,Divorced,Less than $40K,Blue,26,5,3,3,2407.93112648008,472,1935.93112648008,0.5632476514609744,6468,84,1.1589870514190799,0.0
648,54,M,0,Graduate,Married,$120K +,Blue,31,4,3,6,11338.31364699826,402,10936.31364699826,0.0,5854,99,0.8055170676752649,0.814302731099969
649,42,M,2,High School,Single,$40K - $60K,Blue,32,3,4,3,1438.3,411,1027.3,1.0453845531581691,5478,74,1.174840556333446,0.01773637807638903
650,43,F,1,Graduate,Single,$80K - $120K,Blue,44,3,5,5,9889.491271985538,0,9889.491271985538,0.9240177668812652,3186,37,1.7942760322797915,0.17462625322210992
651,48,M,3,High School,Married,$80K - $120K,Blue,32,1,3,0,8628.232312994449,1150,7478.232312994449,0.8508099387025483,3602,42,0.0,0.28319665495793667
652,48,F,5,High School,Married,$80K - $120K,Blue,42,6,4,4,4505.534408569253,60,4445.534408569253,2.3845678353415884,5077,66,0.1485567829101203,0.0
653,50,F,5,Graduate,Single,$60K - $80K,Blue,34,5,1,2,12060.2556018968,2517,9543.2556018968,0.0,646,13,0.0,0.6257069272724352
654,30,F,0,Graduate,Unknown,$40K - $60K,Blue,56,3,0,3,18278.31747105599,603,17675.31747105599,1.4567271138834923,5546,60,0.5155263918871194,0.06813943258631526
655,54,M,3,High School,Single,$40K - $60K,Blue,24,5,1,6,4015.681560501802,207,3808.681560501802,1.7336738899243118,4968,63,0.9739887928358273,0.347896734265006
656,43,M,5,Doctorate,Single,$60K - $80K,Blue,40,3,6,3,13512.701055466629,867,12645.701055466629,0.9129801228846799,3638,79,1.4249062775033852,0.0
657,46,M,4,Doctorate,Married,$80K - $120K,Blue,29,3,0,6,23618.445665550018,649,22969.445665550018,0.33388874145203434,3918,87,0.0,0.13692209319236945
658,48,M,0,Uneducated,Divorced,Less than $40K,Blue,36,3,6,3,22667.44291241438,2517,20150.44291241438,0.9413863524746624,2378,46,0.8312833476661903,0.39686092759348224
659,53,M,3,Unknown,Married,$40K - $60K,Blue,30,3,2,5,14687.269797826895,1402,13285.269797826895,1.0985486066294177,1675,21,0.0,0.0
660,50,F,2,Graduate,Single,Less than $40K,Blue,17,1,0,2,17474.202560961123,0,17474.202560961123,0.0,6282,81,1.8397209341579859,0.09863692091745413
661,50,M,4,Doctorate,Married,$40K - $60K,Blue,56,6,1,6,2171.9408301007606,0,2171.9408301007606,0.3065980244294249,5303,79,1.3508726340962722,0.09408567441378175
662,39,F,2,Graduate,Single,Less than $40K,Blue,38,1,3,3,6304.989951809977,1409,4895.989951809977,0.9093195760204368,4627,63,0.18725913175205988,0.25881979822616974
663,45,F,3,College,Married,$60K - $80K,Blue,19,4,2,1,21166.599559509566,633,20533.599559509566,0.9725942584633587,3335,56,0.0,0.0
664,53,F,4,Uneducated,Single,$80K - $120K,Blue,41,2,4,0,9294.829049065294,2517,6777.829049065294,0.0,3791,55,1.0048861306243477,0.3288753264876831
665,29,M,3,Graduate,Married,Less than $40K,Blue,34,5,3,1,18106.14826852213,0,18106.14826852213,0.0,8908,92,0.0,0.0
666,52,M,0,Unknown,Married,Less than $40K,Blue,30,6,4,2,25838.155829805175,216,25622.155829805175,0.5804074179210348,1646,23,0.0,0.0
667,62,M,2,Graduate,Single,Less than $40K,Blue,33,4,0,0,7227.035279324403,0,7227.035279324403,0.4222360004410075,4368,53,1.6927321102213657,0.40558306571580593
668,53,F,3,Unknown,Married,Unknown,Blue,32,3,0,1,5409.231623266389,152,5257.231623266389,1.3866642409542171,3553,64,0.0,0.0
669,55,M,0,High School,Unknown,Less than $40K,Blue,27,3,3,4,14079.35185024239,0,14079.35185024239,0.0,3872,63,1.0248994716779511,0.0
670,37,M,1,Graduate,Unknown,Less than $40K,Blue,33,4,3,4,27401.696496053934,832,26569.696496053934,1.503466693824441,902,11,1.3686523242934023,0.09314447710836754
671,27,F,0,Unknown,Single,Unknown,Blue,38,4,0,5,13969.528001067421,2517,11452.528001067421,0.0,5468,84,1.972780747210122,0.38100562744150535
672,46,M,3,Graduate,Single,Less than $40K,Blue,37,3,6,3,5287.864129740146,208,5079.864129740146,0.0,4746,66,2.2023292757084794,0.6787076718408174
673,55,M,3,Graduate,Married,Less than $40K,Blue,30,5,2,3,16002.584296523186,365,15637.584296523186,0.6242581973782213,1193,24,0.5485714548726787,0.0
674,57,F,3,Graduate,Single,Less than $40K,Blue,39,4,0,2,1438.3,1895,3.0,3.397,5333,94,0.0,0.5875352133299807
675,45,F,2,Uneducated,Single,$80K - $120K,Blue,21,4,2,5,10804.666319995846,1710,9094.666319995846,0.9569346579570782,1590,23,0.36176280525398613,0.0
676,34,F,2,Graduate,Married,$40K - $60K,Blue,32,5,1,0,1438.3,1828,3.0,0.0,3291,59,1.521408045636822,0.08147766018654301
677,56,F,4,Uneducated,Married,Unknown,Blue,16,3,3,1,3961.768457732205,0,3961.768457732205,0.0,6048,84,2.0233323882510774,0.07067745288799643
678,44,M,2,Unknown,Married,Less than $40K,Blue,24,5,3,3,15171.348167148495,0,15171.348167148495,0.3499848951980453,4075,66,0.0,0.49473268067504494
679,41,F,2,Unknown,Single,$40K - $60K,Blue,31,3,4,3,16764.01801610121,1036,15728.01801610121,0.0,4850,58,0.0,0.0
680,59,F,5,Uneducated,Single,$80K - $120K,Blue,35,1,3,4,29884.438310321195,0,29884.438310321195,0.5384023818404591,5192,53,1.850437181465233,0.0
681,38,F,3,Uneducated,Single,$40K - $60K,Blue,37,3,1,3,10626.978700148982,0,10626.978700148982,0.0,4437,63,0.6924144842835831,0.0
682,33,F,0,Post-Graduate,Married,Less than $40K,Blue,32,3,1,3,14689.512349485707,1551,13138.512349485707,0.5348775398570204,5488,80,1.9131213734178933,0.0
683,34,M,2,Graduate,Single,Less than $40K,Blue,42,4,2,0,7260.016588555856,48,7212.016588555856,1.8322170785721994,755,10,0.9522704409353466,0.0
684,44,F,4,Graduate,Single,$120K +,Blue,47,4,5,0,6212.392813193757,1956,4256.392813193757,2.6328214089242685,2219,31,1.2134103637019946,0.5634533567494395
685,45,F,4,High School,Divorced,$40K - $60K,Blue,27,5,0,3,1438.3,1170,268.29999999999995,1.009539836951267,3541,41,3.0448792797543,0.0
686,59,F,4,Unknown,Single,$40K - $60K,Blue,23,6,0,2,28568.856583205725,940,27628.856583205725,0.353249619645438,2623,33,1.37884696401605,0.05118727842424242
687,42,M,5,Doctorate,Unknown,Less than $40K,Blue,23,3,3,3,8400.820132814184,2097,6303.820132814184,0.2017769367926165,5929,85,1.5119922688723566,0.3643315276729817
688,56,F,5,High School,Married,Less than $40K,Blue,37,2,2,3,12964.17781221174,1546,11418.17781221174,1.9455740906183956,5380,59,1.8541890163583852,0.2676437692240229
689,52,F,3,Graduate,Married,Less than $40K,Blue,37,4,2,6,1438.3,1605,3.0,2.1042184392116257,4189,62,2.2231941261949864,0.0
690,36,F,0,High School,Married,Unknown,Blue,24,4,1,3,1438.3,0,1438.3,1.121383230035438,4077,84,0.782328848703793,0.32216939330776295
691,68,F,3,Graduate,Married,$60K - $80K,Blue,31,2,2,5,8472.275281782428,801,7671.275281782428,0.9154513309751455,2507,54,1.4317145971305676,0.0
692,55,M,4,Graduate,Married,Less than $40K,Silver,30,5,1,6,10550.923347825606,0,10550.923347825606,0.0,2208,34,0.25056675384466087,0.0
693,45,F,1,College,Married,Less than $40K,Blue,36,4,6,4,11917.730842801524,610,11307.730842801524,1.0712258920108344,7952,84,1.2743563744384512,0.4084522787909151
694,35,F,2,Doctorate,Married,$40K - $60K,Blue,44,3,3,3,7696.50258372722,1656,6040.50258372722,0.0,4986,75,0.0,0.0
695,59,F,1,High School,Married,Unknown,Blue,40,4,0,3,18615.103543842662,0,18615.103543842662,0.0,1589,45,2.508027174317241,0.3759697463238512
696,46,F,4,College,Single,Less than $40K,Blue,26,4,2,2,3470.3822036831725,0,3470.3822036831725,0.6789528583245317,1887,23,0.0,0.802732430846547
697,61,M,1,High School,Single,$40K - $60K,Blue,54,5,1,1,12171.07810364286,50,12121.07810364286,1.3388498156463637,5945,78,0.44788511915105517,0.8140605558039835
698,38,M,3,Graduate,Married,$60K - $80K,Blue,41,2,5,5,1438.3,1409,29.299999999999955,0.0,2913,77,0.04652722560658218,0.1034887228213208
699,52,M,3,College,Married,$60K - $80K,Blue,23,4,2,6,1438.3,0,1438.3,0.8949389495748793,4442,91,1.5211356414200394,0.1799299054930177
700,46,F,5,Uneducated,Married,Less than $40K,Blue,35,4,4,2,3318.417359576728,1488,1830.417359576728,1.1929074510222135,2440,35,0.44100936234515076,0.3893199426714693
701,40,M,1,College,Single,Less than $40K,Blue,40,6,5,1,1649.8796774538769,0,1649.8796774538769,0.3807926877439998,1653,38,0.0,0.004449541062118173
702,46,F,4,Graduate,Single,Less than $40K,Blue,45,3,0,1,4327.940636834179,635,3692.940636834179,0.0,3610,54,0.8297217308135607,0.44008673755798594
703,44,M,5,Graduate,Single,Less than $40K,Blue,28,4,2,4,1438.3,520,918.3,0.23267734982264354,3486,74,0.0,0.0
704,49,M,1,Graduate,Married,Less than $40K,Blue,24,5,0,0,1438.3,1017,421.29999999999995,0.0,2356,31,2.7098297708700807,0.26971523582618157
705,36,F,0,Graduate,Single,Less than $40K,Blue,28,6,2,4,16017.553302490367,873,15144.553302490367,2.043123162818935,4595,59,0.0,0.20600247141974226
706,39,F,3,Graduate,Single,$80K - $120K,Blue,56,3,0,5,4748.749365432101,2144,2604.7493654321006,0.221120618045282,3096,54,1.1893065946227077,0.7710048095342279
707,58,M,3,High School,Married,$60K - $80K,Blue,44,2,3,4,1438.3,2517,3.0,0.0,3882,56,2.396848284882333,0.51424035184678
708,47,M,1,High School,Married,$80K - $120K,Blue,40,3,0,3,9070.054845756855,1513,7557.054845756855,0.7978570711550015,4302,76,0.7240223663688591,0.2883862274635757
709,47,F,1,Doctorate,Single,Less than $40K,Silver,28,4,1,5,17005.78884134125,4,17001.78884134125,0.0,1536,47,0.6276345679402112,0.289365996922209
710,58,M,4,Uneducated,Unknown,$40K - $60K,Silver,17,3,1,6,1438.3,1899,3.0,2.133068216857632,2940,46,0.9046868304890299,0.09709764819222164
711,50,F,3,High School,Married,$40K - $60K,Blue,42,3,3,1,22185.268301566728,442,21743.268301566728,1.10838217285802,1323,28,0.40087963734487353,0.0
712,53,F,1,Unknown,Married,$80K - $120K,Blue,34,2,1,5,8464.47437773976,1756,6708.47437773976,1.1426999002316958,4487,82,1.149283999448266,0.11041052775634756
713,49,M,3,Graduate,Unknown,$40K - $60K,Blue,35,3,2,6,7479.823610275989,1868,5611.823610275989,0.0,5322,79,0.9053177296772934,0.28221118303941095
714,49,M,3,Graduate,Married,Less than $40K,Blue,36,4,5,3,2631.7467719944552,1324,1307.7467719944552,0.0,3461,56,0.4789812836008658,0.0
715,46,M,2,Unknown,Married,$40K - $60K,Blue,35,3,2,2,19853.872417477978,29,19824.872417477978,0.14288677307112585,3404,56,1.8904519371199293,0.18549896681728048
716,51,M,0,Unknown,Single,Less than $40K,Blue,46,3,6,6,16537.136137963545,421,16116.136137963545,0.20629518544311404,3331,76,0.0,0.03679842642849149
717,45,F,1,Uneducated,Married,Less than $40K,Blue,31,3,2,0,17333.571631457016,1341,15992.571631457016,2.9915251940701504,5479,63,0.0,0.999
718,55,F,3,College,Married,$80K - $120K,Blue,30,2,0,2,7487.706037878459,1772,5715.706037878459,0.0,5792,76,3.714,0.407045015454732
719,43,F,4,Uneducated,Married,$60K - $80K,Blue,55,4,4,3,17246.217303198133,0,17246.217303198133,1.4652587264490524,1412,27,0.0,0.5038224040660368
720,55,M,4,Unknown,Married,Unknown,Silver,36,3,2,5,10771.040464433325,2236,8535.040464433325,0.5343098854133892,747,10,0.5684504410456689,0.5073562664114533
721,52,F,0,High School,Married,$80K - $120K,Blue,28,2,3,3,20737.267219682082,0,20737.267219682082,0.0,4372,75,0.0,0.05537849081418106
722,48,M,3,Unknown,Married,$120K +,Blue,27,2,2,0,2923.621123568578,0,2923.621123568578,0.6516557438325403,5037,54,0.0,0.09567494562267681
723,37,F,4,College,Single,$120K +,Blue,27,3,2,1,14041.67516303877,1381,12660.67516303877,0.0,1557,26,3.31369384442664,0.0
724,47,F,2,Uneducated,Married,$40K - $60K,Blue,43,4,0,3,15929.293184529359,2517,13412.293184529359,0.1881230511645846,7317,99,1.4539544209817357,0.6184350214909683
725,57,F,5,Uneducated,Married,$40K - $60K,Silver,39,2,2,6,16049.265826589388,1492,14557.265826589388,0.9788128540525964,1097,18,1.9133264006616963,0.13047441103523202
726,42,F,0,College,Single,Less than $40K,Blue,38,6,4,4,14228.64993751587,1507,12721.64993751587,0.15014389087408075,887,28,2.1189762703190222,0.0
727,48,M,4,Graduate,Married,$80K - $120K,Blue,47,3,3,4,16484.740363334487,200,16284.740363334487,0.0,4399,74,0.38358659916517623,0.5326757766711592
728,48,M,3,Graduate,Single,Unknown,Blue,25,2,0,4,1438.3,807,631.3,0.6027703904746295,2551,47,0.6004547933143545,0.1947789897551958
729,55,M,1,High School,Married,Unknown,Blue,30,4,0,3,9337.242393103015,478,8859.242393103015,2.0285452490944653,7294,93,0.0,0.0
730,68,F,0,Graduate,Single,Less than $40K,Blue,33,5,0,3,8629.760230090289,1053,7576.760230090289,0.0,3721,75,0.41404661880152516,0.0
731,48,F,4,Unknown,Married,Less than $40K,Blue,14,4,5,5,1438.3,308,1130.3,0.8573105449679452,836,13,0.0,0.0
732,42,F,0,Post-Graduate,Married,Less than $40K,Blue,37,2,0,3,1438.3,45,1393.3,0.5943737249099509,1549,21,1.1364066955915504,0.0
733,40,M,1,Unknown,Single,$40K - $60K,Blue,32,4,6,6,15840.949401739232,1736,14104.949401739232,0.5605775208201831,7040,84,0.7019662769253807,0.10658113796782867
734,67,M,0,Graduate,Married,Less than $40K,Silver,48,4,3,3,1438.3,1379,59.299999999999955,1.273389375361632,1927,28,0.0,0.0
735,44,M,5,High School,Married,$40K - $60K,Blue,26,4,4,4,2658.5742625271596,1135,1523.5742625271596,0.0,2987,37,1.9663712956609238,0.67248022413163
736,61,F,3,Graduate,Unknown,$40K - $60K,Blue,37,1,2,1,16310.897070469577,466,15844.897070469577,1.825617552024505,2331,59,0.8315129445103806,0.0
737,40,F,4,Graduate,Married,$120K +,Blue,21,3,2,3,1438.3,892,546.3,0.2890577310846234,3221,49,2.9883122932479615,0.3139848444360359
738,40,F,1,Unknown,Single,Unknown,Gold,39,4,2,2,6581.345131570884,1565,5016.345131570884,0.0,2922,59,0.6142748075501486,0.10848527001675082
739,56,F,1,High School,Single,$60K - $80K,Blue,27,5,1,1,3336.9282809567976,1188,2148.9282809567976,0.955287387428499,5848,77,0.0,0.4872006367425451
740,47,M,0,Unknown,Married,$60K - $80K,Blue,53,5,4,5,11446.421272253661,0,11446.421272253661,0.7928135303826723,1951,36,0.4855132013355975,0.227723772329321
741,50,F,3,Doctorate,Married,Unknown,Blue,38,5,1,2,19430.66326569963,437,18993.66326569963,0.5649226431574326,4243,56,0.0,0.0
742,31,M,4,Graduate,Married,Unknown,Blue,40,3,4,1,26657.519553940067,1127,25530.519553940067,0.0,5377,76,1.5865817931844148,0.0
743,56,M,2,Graduate,Single,$60K - $80K,Blue,35,3,4,3,1438.3,826,612.3,0.11440203504730384,2249,63,0.8678774034034074,0.4175630380772283
744,46,F,1,College,Married,Unknown,Blue,37,5,1,5,1438.3,774,664.3,0.43286275274371505,8702,94,0.0,0.6720656221406456
745,51,F,1,Uneducated,Single,$40K - $60K,Blue,38,3,5,0,13015.826384165262,566,12449.826384165262,0.0,3735,66,0.0,0.0
746,41,F,1,College,Single,Unknown,Blue,40,2,2,2,25739.795915052706,0,25739.795915052706,0.0,4497,69,0.0,0.0
747,55,M,2,College,Single,Unknown,Blue,29,3,2,3,12840.809550862472,1219,11621.809550862472,0.04260409592854897,3697,60,0.0,0.0
748,54,M,2,Doctorate,Married,Less than $40K,Blue,41,4,4,6,1438.3,736,702.3,0.6452759211345127,8409,105,0.5578134564150931,0.0
749,42,F,1,Post-Graduate,Unknown,$60K - $80K,Blue,33,1,6,6,3424.355000814732,848,2576.355000814732,1.7208477761856502,4560,54,2.0332614966354687,0.0
750,45,M,5,High School,Divorced,Unknown,Blue,42,5,2,6,7034.819564938571,1488,5546.819564938571,0.13897257554943276,3817,45,1.6628605112308734,0.15553982187388626
751,46,F,4,Unknown,Single,Less than $40K,Silver,13,6,4,0,15542.866528570903,548,14994.866528570903,0.0,10429,115,0.5589285859744466,0.0
752,54,M,5,Uneducated,Married,Unknown,Blue,41,4,3,3,1438.3,504,934.3,1.5456042985892315,1291,18,0.0,0.0
753,46,M,3,Graduate,Unknown,$120K +,Blue,40,4,1,0,10542.992823389415,251,10291.992823389415,0.0,1400,27,2.4404828342159384,0.24671528267981788
754,47,F,4,Unknown,Married,Less than $40K,Blue,39,3,5,2,34516.0,0,34516.0,0.0,2649,67,0.0,0.2673262266397308
755,54,M,1,Graduate,Married,$120K +,Blue,45,2,4,3,14268.461484013382,0,14268.461484013382,0.0,5599,84,1.0178436916218647,0.6190441886444756
756,45,F,4,College,Married,$80K - $120K,Blue,15,2,6,6,8394.03232236763,2517,5877.03232236763,1.6458317369902633,565,10,2.0678488777524024,0.0
757,43,F,2,Graduate,Unknown,Less than $40K,Blue,25,4,6,3,12043.930470718498,577,11466.930470718498,0.7991276813478392,4421,74,0.4000976266266017,0.5992848290980828
758,47,M,3,Unknown,Married,Less than $40K,Blue,28,4,1,0,18791.124410264092,596,18195.124410264092,0.5608088456961382,2215,37,2.006470981946126,0.0
759,58,M,4,Graduate,Married,Unknown,Blue,42,4,4,2,19301.92727936481,0,19301.92727936481,0.0,1479,19,0.2546954101082386,0.0
760,42,F,5,Doctorate,Married,$40K - $60K,Blue,50,5,3,4,8149.090261722294,0,8149.090261722294,0.0,6608,112,0.0,0.07425034055792844
761,65,M,2,Graduate,Married,Less than $40K,Blue,45,1,1,2,22135.598811243024,569,21566.598811243024,0.4870126344992771,3274,50,0.9034766882441361,0.0
762,60,F,3,Graduate,Married,$60K - $80K,Blue,36,4,3,0,26337.368627879852,184,26153.368627879852,0.0,7003,105,0.0,0.0
763,27,M,5,Graduate,Single,$120K +,Blue,32,2,3,3,21240.37140270719,643,20597.37140270719,0.0,3823,62,0.0,0.3781732735540335
764,45,M,4,High School,Married,Less than $40K,Blue,38,3,6,6,18211.978472646137,202,18009.978472646137,0.8254150340412245,4632,72,2.468568535857043,0.0
765,50,F,1,Post-Graduate,Single,$40K - $60K,Silver,37,5,0,2,8812.956892306205,0,8812.956892306205,0.1581496773258485,2192,53,1.3053004386031013,0.12191135203860709
766,43,M,0,Unknown,Single,$80K - $120K,Blue,27,1,2,0,17347.213053786327,0,17347.213053786327,1.2969004737731287,5582,78,1.1804357282014646,0.0
767,55,F,2,Unknown,Divorced,$40K - $60K,Blue,46,6,3,2,5297.1727688130995,0,5297.1727688130995,1.4642066617534524,1807,35,0.0,0.2024222318542707
768,38,M,1,College,Married,$60K - $80K,Blue,37,3,0,3,6353.377786825171,1005,5348.377786825171,1.8437070422537143,1038,16,0.0,0.2114436559871939
769,46,M,1,Unknown,Married,Less than $40K,Blue,42,4,3,4,14644.731604440225,1078,13566.731604440225,0.0,877,14,2.1001923072504622,0.03503645048713547
770,51,F,1,Graduate,Married,Less than $40K,Blue,28,3,6,5,1438.3,2517,3.0,0.0,5041,75,0.19184571330763328,0.17056079505740565
771,47,M,3,College,Married,$120K +,Blue,35,3,3,4,18145.809766852748,547,17598.809766852748,0.34893819248175667,4600,53,2.25642950658641,0.16090338949808325
772,35,F,2,High School,Single,Unknown,Blue,20,2,0,4,10992.149848935165,0,10992.149848935165,1.7459375071737553,3404,43,1.2238054495621462,0.055545031147943125
773,38,F,2,Uneducated,Single,$80K - $120K,Blue,21,1,4,0,1438.3,2080,3.0,1.3828651850705302,614,10,1.8527042485075582,0.03531789034171958
774,46,M,2,Uneducated,Divorced,Less than $40K,Blue,44,5,0,4,9041.19242409137,1086,7955.19242409137,0.0,3448,51,0.71229069260781,0.0
775,53,M,0,Graduate,Married,$60K - $80K,Blue,34,2,1,1,15909.937622119764,2261,13648.937622119764,0.0,903,10,0.6345724247346562,0.0
776,52,M,2,Graduate,Single,$80K - $120K,Blue,32,2,3,6,1438.3,206,1232.3,0.5556849702760879,3781,40,0.9198888614819958,0.00646174456334514
777,54,F,4,High School,Divorced,$60K - $80K,Blue,38,5,2,2,5279.112947937503,226,5053.112947937503,1.0410552885928723,3308,72,0.0,0.10856435656166613
778,53,F,0,Graduate,Single,$60K - $80K,Blue,41,5,1,1,2870.7304675333053,0,2870.7304675333053,1.2156474743912122,3549,51,0.0,0.5672971798517278
779,32,F,2,Graduate,Married,$60K - $80K,Blue,38,4,1,4,1438.3,0,1438.3,0.0,8072,107,2.6569257527453938,0.0
780,27,F,3,Graduate,Single,$60K - $80K,Blue,38,6,1,6,13580.979862683263,1076,12504.979862683263,0.8257872171342069,3016,54,1.015226686198043,0.02986185250992615
781,46,M,2,High School,Married,$120K +,Blue,37,5,1,0,1438.3,844,594.3,0.0,1948,42,0.34008032668615784,0.9587733875656842
782,36,M,1,Uneducated,Married,Unknown,Blue,28,4,0,1,13419.081853355845,0,13419.081853355845,0.5125008417113172,1735,39,0.0,0.0
783,49,F,4,Unknown,Single,$80K - $120K,Blue,42,4,2,3,24723.587701758333,1503,23220.587701758333,0.2047042471490097,2481,47,1.3881804284977344,0.07371942734999778
784,62,F,4,College,Single,$60K - $80K,Blue,25,3,2,0,25948.362447912354,0,25948.362447912354,1.2577813276080105,6634,72,1.307383551591934,0.6410353625051097
785,57,M,0,Graduate,Married,Less than $40K,Blue,28,3,0,4,10847.829375025329,415,10432.829375025329,0.0,8004,118,0.0,0.591827947278168
786,48,F,5,Graduate,Married,$120K +,Blue,21,5,6,2,5303.642171460991,0,5303.642171460991,0.8614913269035044,3648,56,0.22641756654434164,0.7996387524313603
787,57,F,3,Post-Graduate,Single,Less than $40K,Blue,41,3,1,6,1438.3,1065,373.29999999999995,0.09861630248727105,4461,106,0.0,0.6852031139335415
788,52,F,0,Unknown,Single,$80K - $120K,Blue,36,2,5,5,1438.3,1312,126.29999999999995,1.0523457832904057,6399,97,2.7806955224472416,0.2157569553429094
789,46,F,4,Graduate,Divorced,Less than $40K,Blue,51,2,4,1,4220.961835414853,915,3305.9618354148533,3.351221945465265,8387,105,1.703117416364143,0.0
790,34,F,3,Graduate,Single,$80K - $120K,Blue,43,1,2,6,1438.3,1279,159.29999999999995,2.169962234792297,5235,83,0.0,0.0
791,52,M,4,Doctorate,Single,$40K - $60K,Blue,47,3,3,3,5484.21498519598,0,5484.21498519598,0.0,5629,95,1.1496018326483326,0.49129075358093366
792,48,F,3,Graduate,Married,$60K - $80K,Blue,38,5,3,0,1438.3,0,1438.3,1.7570123732625706,1939,30,0.2821540153191706,0.33686135851796295
793,51,F,3,Graduate,Single,$120K +,Blue,42,3,6,4,10173.235434331742,0,10173.235434331742,1.6771946251560057,5737,74,0.7436158145711123,0.3646664381818146
794,45,M,0,Unknown,Unknown,$120K +,Blue,27,1,1,1,1438.3,1313,125.29999999999995,0.0,1534,20,0.0,0.22056640115940407
795,47,M,5,Uneducated,Single,$40K - $60K,Blue,34,2,1,4,1438.3,773,665.3,0.7105397608266496,2386,46,0.0,0.0
796,56,F,2,Uneducated,Married,$120K +,Blue,51,4,6,0,5691.328912072947,89,5602.328912072947,0.2109068984268202,4804,89,0.0,0.0
797,49,M,2,College,Unknown,$60K - $80K,Blue,40,4,1,0,5047.745944020764,445,4602.745944020764,0.2309124254888245,1633,33,1.2848985778838746,0.0
798,43,F,1,Graduate,Single,$40K - $60K,Blue,48,5,0,2,1438.3,525,913.3,1.3849136394912898,4704,74,1.9090707984731599,0.0
799,47,M,1,Graduate,Married,Less than $40K,Blue,28,4,4,5,11191.989575526204,29,11162.989575526204,1.5123889186547046,3881,61,0.19767297165249842,0.13296210036013073
800,45,F,0,Post-Graduate,Single,Less than $40K,Blue,35,5,1,4,25136.702610559663,1097,24039.702610559663,0.0,5595,83,1.7472957047908,0.35486729529631006
801,49,F,3,Graduate,Single,$60K - $80K,Blue,19,3,0,1,26402.344391476152,1437,24965.344391476152,0.0,4924,67,0.00572833897310332,0.0
802,41,M,4,Graduate,Single,$60K - $80K,Blue,33,5,4,2,1438.3,392,1046.3,2.5516707573984503,3918,62,0.0,0.7346981504602819
803,39,F,2,Graduate,Married,Less than $40K,Blue,41,3,6,6,1454.2871905200918,1316,138.28719052009183,0.8564282127712424,8366,108,3.0967214747774108,0.35983496690854533
804,36,F,3,High School,Single,$120K +,Blue,38,4,6,3,18653.940652662135,0,18653.940652662135,2.2574895729486015,5820,77,0.3521315993232207,0.30601028834234595
805,51,M,3,Uneducated,Married,$120K +,Blue,44,5,4,4,16016.890032634727,803,15213.890032634727,1.317088290600364,3179,62,0.11909434716092626,0.5303684390367585
806,37,M,5,High School,Divorced,$80K - $120K,Blue,22,6,0,2,5150.754168092121,1586,3564.7541680921213,0.0,2318,40,0.0,0.0
807,43,F,1,College,Married,Less than $40K,Blue,56,3,4,2,1438.3,1789,3.0,1.8241229375475045,769,10,1.5908231590666966,0.0
808,31,M,2,High School,Single,$80K - $120K,Blue,30,5,0,0,16933.885260286756,1553,15380.885260286756,1.26832672103458,2795,43,0.0,0.0
809,57,M,0,Unknown,Married,$80K - $120K,Blue,44,3,6,3,1438.3,0,1438.3,1.8280531930971895,3521,57,0.0,0.2771590286390682
810,49,M,3,Uneducated,Single,Less than $40K,Blue,20,6,2,3,11307.402938611047,1977,9330.402938611047,0.03394960765192179,3147,53,0.0,0.24469279170955732
811,35,F,2,Uneducated,Single,$120K +,Blue,19,4,3,3,11994.026839269689,0,11994.026839269689,0.0,3830,53,0.9968561005676282,0.0
812,37,F,1,Graduate,Unknown,Less than $40K,Blue,43,4,3,0,1438.3,1860,3.0,0.0,673,10,1.8797992135646053,0.4943573232348911
813,41,M,5,High School,Single,Less than $40K,Blue,48,6,3,1,1438.3,0,1438.3,0.295307759701324,4641,84,0.0,0.21619747993262406
814,62,F,4,High School,Single,Unknown,Blue,29,4,6,0,1438.3,0,1438.3,0.0,1248,42,2.8588753036695778,0.41818442440839243
815,47,F,0,Uneducated,Single,$60K - $80K,Blue,43,4,2,4,8159.782640257779,0,8159.782640257779,0.0,6221,85,0.4142910394473063,0.4036655380493076
816,39,M,2,Graduate,Married,$120K +,Blue,27,4,3,3,5404.57455629114,491,4913.57455629114,0.0,3442,58,2.428168538688407,0.0
817,36,F,5,Graduate,Single,$40K - $60K,Blue,41,4,2,2,8532.833320381777,479,8053.8333203817765,0.0,5111,67,0.1713597216807462,0.0
818,39,F,2,Graduate,Married,$40K - $60K,Blue,42,6,0,3,1438.3,151,1287.3,0.8110603829684819,2575,76,0.0,0.8398712300999382
819,37,F,3,Unknown,Married,Less than $40K,Blue,23,4,3,3,28128.601357650125,341,27787.601357650125,0.0,3907,56,0.13861922505707547,0.0
820,36,M,1,Graduate,Married,$80K - $120K,Blue,21,5,2,1,7433.66978807676,1459,5974.66978807676,0.0,2795,39,0.0,0.0
821,48,M,1,Uneducated,Single,Unknown,Blue,29,3,0,1,28716.500437702383,0,28716.500437702383,0.5982083808575471,5528,105,0.793645539941014,0.20373944234486888
822,48,M,4,Graduate,Married,Less than $40K,Blue,34,4,6,3,8399.827600811195,821,7578.827600811195,0.07219615535728041,3219,55,0.0,0.24979042640812776
823,43,F,0,Unknown,Single,$40K - $60K,Blue,55,3,5,1,1438.3,0,1438.3,0.0,4301,60,1.5837599503217625,0.0
824,39,F,5,Unknown,Married,$60K - $80K,Blue,38,5,5,1,1438.3,642,796.3,0.0,3636,49,0.6843550528006002,0.30831609935528803
825,45,F,4,Graduate,Single,$80K - $120K,Blue,34,1,0,3,10139.274091212379,123,10016.274091212379,1.5796601066003788,6323,78,1.093411689464921,0.3541467987610056
826,56,F,4,Unknown,Married,$60K - $80K,Blue,37,3,2,5,1703.2297554884944,175,1528.2297554884944,0.48102233932281363,1054,23,1.174774617835015,0.0
827,43,F,1,College,Single,$40K - $60K,Blue,31,6,3,3,2495.457705178733,280,2215.457705178733,0.9737460326642171,3641,53,0.7461212019340886,0.0
828,46,M,0,Unknown,Married,$60K - $80K,Blue,38,5,1,3,1438.3,1444,3.0,0.23827254261770442,3620,65,0.19239109246297692,0.0
829,49,M,3,High School,Married,Unknown,Blue,29,2,6,4,1438.3,0,1438.3,0.0,5241,77,1.868513261745229,0.09804941285255538
830,30,M,2,High School,Divorced,Less than $40K,Blue,27,3,4,6,16968.391443871966,1208,15760.391443871966,1.1999420568398922,4381,81,0.0,0.0
831,56,M,1,Unknown,Married,Less than $40K,Blue,30,5,3,4,8028.659432438845,1106,6922.659432438845,0.0,3598,84,1.3309024003035543,0.0
832,58,F,5,High School,Single,$120K +,Blue,34,5,6,4,1438.3,1297,141.29999999999995,1.0574804000776319,7184,91,3.0405577856563872,0.999
833,64,F,4,Doctorate,Married,Less than $40K,Blue,53,3,3,2,4490.152502911025,1371,3119.1525029110253,1.1470657685585561,5350,81,0.0,0.0
834,37,M,0,High School,Married,Unknown,Blue,33,3,1,5,1438.3,1157,281.29999999999995,0.17034314518700155,4172,47,2.465965438947313,0.0
835,33,M,4,High School,Married,Less than $40K,Blue,31,6,1,1,13301.80216877224,0,13301.80216877224,1.3168658581090167,909,10,0.5514819751388236,0.3630477875639274
836,53,F,0,High School,Single,Less than $40K,Blue,37,4,5,4,6274.063233173638,517,5757.063233173638,0.0,6528,109,1.7645271749189795,0.07010157002002267
837,44,F,0,College,Married,Less than $40K,Blue,33,2,6,4,3888.0145849419787,1397,2491.0145849419787,2.7448406666858522,2373,35,0.5531271673523452,0.0
838,60,F,3,College,Divorced,Unknown,Blue,31,4,0,0,8615.528594092051,538,8077.528594092051,0.0,5782,72,0.8173073253787181,0.0
839,52,F,3,High School,Single,$40K - $60K,Blue,43,2,6,5,26296.590255603885,266,26030.590255603885,1.493203371650338,5539,92,0.0,0.5797890171974003
840,62,F,4,High School,Divorced,$40K - $60K,Blue,19,3,0,0,4729.905514562546,878,3851.905514562546,0.0,1612,32,2.214117068696965,0.3443078169493411
841,38,M,0,Graduate,Married,$120K +,Blue,40,5,0,2,3243.5972203654383,743,2500.5972203654383,0.49533473519169957,3776,74,0.39356547239477147,0.7184983645021676
842,48,F,1,Graduate,Single,$60K - $80K,Silver,42,3,4,3,10569.33243123773,907,9662.33243123773,2.6063995209818143,1668,25,0.0,0.415877727324946
843,43,F,0,Graduate,Married,Less than $40K,Blue,42,2,6,1,15583.621466368815,910,14673.621466368815,0.0,3455,44,1.375323570153679,0.38193510456616664
844,47,F,2,Graduate,Divorced,$80K - $120K,Blue,44,2,2,3,2209.3076872752135,2030,179.30768727521354,1.3044823959256608,2700,45,0.7901633357301847,0.5983583530325507
845,57,F,1,College,Married,Less than $40K,Blue,40,3,1,3,11876.271771174881,0,11876.271771174881,1.1436910143055432,6392,73,2.3410342179899692,0.11300369479279962
846,36,F,4,Unknown,Married,$40K - $60K,Blue,28,3,0,2,11633.265232113237,287,11346.265232113237,0.0,610,10,0.542513746594725,0.36257253526624594
847,42,M,3,Graduate,Single,Unknown,Blue,32,4,4,2,14011.617268818096,2156,11855.617268818096,1.4198135212890872,2025,39,0.0,0.12468125031207751
848,50,F,2,Graduate,Divorced,Unknown,Blue,27,4,1,6,20112.406242885423,2261,17851.406242885423,0.0,1113,20,2.6129132243501094,0.2688541868440194
849,53,M,1,High School,Married,Less than $40K,Blue,45,5,1,5,7537.605411959518,2191,5346.605411959518,0.04624502801872166,2015,28,0.0,0.47182358253806317
850,35,F,4,High School,Single,Less than $40K,Blue,53,1,0,3,18069.479530079658,19,18050.479530079658,0.0,4617,64,0.0,0.0
851,54,F,5,Graduate,Married,Less than $40K,Blue,34,4,6,6,3875.729654702406,1115,2760.729654702406,0.0,5151,74,2.2677715779919136,0.0
852,45,F,1,College,Single,$80K - $120K,Blue,55,5,4,0,16736.34913536783,1261,15475.34913536783,2.023039439098244,2492,45,0.0,0.0
853,47,F,5,Graduate,Single,Unknown,Blue,48,4,2,2,1438.3,689,749.3,0.7599258740324398,2967,49,0.6877186058652882,0.0
854,52,M,1,Uneducated,Married,Less than $40K,Blue,26,2,2,2,11797.583224970904,139,11658.583224970904,1.38980228621287,5600,81,0.9324705199980072,0.0
855,46,M,5,Doctorate,Divorced,Less than $40K,Blue,29,1,2,5,1438.3,770,668.3,1.1788216816783668,2451,56,1.0843409786047888,0.0
856,46,M,1,High School,Single,Less than $40K,Blue,42,3,0,1,12152.155085058486,2345,9807.155085058486,1.8561188407327285,4688,54,0.0,0.546591900009382
857,60,M,1,Graduate,Married,Unknown,Blue,29,2,6,5,8463.053424271833,1042,7421.053424271833,0.37552889710218995,3924,52,2.622337379027221,0.0
858,47,F,3,College,Single,Less than $40K,Gold,19,1,1,3,8919.638301137138,1419,7500.638301137138,2.3011921400980366,1170,18,0.0,0.1670493166866386
859,41,F,4,Post-Graduate,Married,$40K - $60K,Blue,42,3,5,1,9438.178574853559,0,9438.178574853559,0.41861434082054755,2915,42,0.05876528735880859,0.0
860,46,F,0,Uneducated,Single,$60K - $80K,Blue,48,4,1,6,9078.303966069418,584,8494.303966069418,0.43164715320730423,3446,47,1.7864945464477433,0.8742680833956349
861,46,F,2,Uneducated,Unknown,$40K - $60K,Blue,43,1,0,6,16401.807078609778,1532,14869.807078609778,1.107843851861878,4417,63,2.1399721784090278,0.4972759157613573
862,54,F,2,High School,Divorced,Less than $40K,Blue,36,4,0,0,19178.577237748672,2434,16744.577237748672,0.4607369422437173,5694,77,1.7105124685594686,0.03822990568967359
863,51,M,2,Uneducated,Married,Unknown,Blue,30,4,2,3,3589.211536005537,654,2935.211536005537,0.0,4183,61,0.08763393518797802,0.0
864,52,F,1,Graduate,Single,Less than $40K,Blue,34,4,4,1,6215.263631922762,1488,4727.263631922762,0.0,900,36,0.05255214649425011,0.05220786311313813
865,49,F,3,Unknown,Married,$40K - $60K,Blue,32,2,2,0,2606.9714213321504,0,2606.9714213321504,1.938759735684752,3200,80,0.09610029571815915,0.0
866,53,M,2,High School,Unknown,Less than $40K,Blue,38,1,2,3,1438.3,0,1438.3,0.0,562,10,0.5616661967157206,0.4609522714316793
867,48,F,3,College,Married,Less than $40K,Blue,41,2,1,2,13466.821596688258,321,13145.821596688258,0.0,4179,49,0.2492088838776425,0.867821473764401
868,40,M,3,Graduate,Unknown,$80K - $120K,Blue,31,5,2,5,3770.232106096013,2517,1253.232106096013,0.5228150896489465,6763,104,0.02368845376369022,0.0
869,54,M,3,Unknown,Married,$60K - $80K,Blue,27,1,2,3,20334.50895993341,938,19396.50895993341,0.013969891975555648,611,10,1.3774902952338817,0.0
870,59,M,3,High School,Married,$60K - $80K,Blue,13,1,0,3,15002.230726349162,0,15002.230726349162,1.150047895708994,3967,63,1.5851585681112588,0.10783314293348417
871,36,M,2,High School,Single,$60K - $80K,Blue,22,6,5,0,26845.280924970404,1287,25558.280924970404,1.829730414064543,719,10,2.0889827919405644,0.612225088900292
872,30,M,2,Uneducated,Divorced,$40K - $60K,Blue,56,1,2,4,1758.8816401701843,1934,3.0,1.7286492203769959,2752,41,0.6898116540161157,0.0
873,55,F,0,Graduate,Married,Unknown,Blue,44,3,1,3,12071.791946553813,397,11674.791946553813,3.3866736692207873,6808,83,0.22510372606515466,0.0
874,37,M,3,Graduate,Single,$40K - $60K,Blue,54,4,4,5,10267.872476073808,0,10267.872476073808,0.3137978296782478,1147,16,0.255470120858923,0.0
875,26,F,1,Graduate,Single,Less than $40K,Blue,36,2,4,2,5992.134860520643,1949,4043.134860520643,0.0,5730,85,2.456976621690479,0.0
876,47,M,3,Unknown,Married,Less than $40K,Blue,46,3,5,0,1438.3,1308,130.29999999999995,0.0,4160,83,0.08770315867156742,0.012367206857790802
877,47,F,4,High School,Single,Less than $40K,Blue,39,6,3,3,21285.60302694788,0,21285.60302694788,0.7603798669357035,2466,36,3.4623371662327993,0.16393625788549748
878,49,M,0,College,Divorced,Unknown,Blue,35,1,0,2,15829.711892217088,0,15829.711892217088,0.0,2165,37,0.25827710411224264,0.5406462864514526
879,40,F,3,Unknown,Single,$80K - $120K,Blue,48,3,4,2,8130.703835622416,310,7820.703835622416,0.0,6844,91,0.0,0.3011993108745414
880,51,M,2,Graduate,Single,$60K - $80K,Blue,49,4,0,3,6383.398763494815,1256,5127.398763494815,1.0402826960090523,5345,68,1.4050791154923226,0.0
881,42,F,1,Unknown,Married,$60K - $80K,Blue,32,1,4,2,1438.3,1767,3.0,1.4715196816324516,3376,59,0.007526532173407263,0.1679741251069819
882,34,M,3,Post-Graduate,Married,Less than $40K,Blue,39,1,3,2,7855.859511629312,1078,6777.859511629312,0.7111641561039577,5677,84,1.4496068072454582,0.2327275502622484
883,49,F,4,Unknown,Single,$60K - $80K,Blue,49,2,4,6,4790.261011597502,1447,3343.261011597502,0.44930824004839337,2236,37,2.6339569154003453,0.0
884,47,F,5,College,Married,Less than $40K,Blue,56,4,1,2,2932.8812507306257,204,2728.8812507306257,0.0,4656,64,0.7890909077109728,0.0
885,57,F,4,Unknown,Single,$60K - $80K,Blue,44,5,3,3,7298.89707410031,566,6732.89707410031,1.8860083648107127,6546,86,1.1393262718283286,0.5297814075860366
886,51,F,5,College,Single,Less than $40K,Blue,37,3,2,5,6839.711114188996,0,6839.711114188996,0.3483442326539216,5278,69,1.6627905693003897,0.5851934711806258
887,52,M,1,Unknown,Married,Less than $40K,Blue,36,4,5,6,3723.21442815744,848,2875.21442815744,1.4793491119490554,4340,79,0.8105315374009441,0.27024706790462255
888,51,F,4,Unknown,Married,$40K - $60K,Blue,35,4,4,1,23503.560502465065,1200,22303.560502465065,0.0,3265,49,0.915669059160103,0.0
889,56,F,5,Graduate,Married,$80K - $120K,Blue,56,4,4,1,17479.80836383727,0,17479.80836383727,0.9502950491452606,689,10,0.0,0.0
890,48,F,5,Graduate,Married,$120K +,Blue,32,6,6,2,18923.316047585406,0,18923.316047585406,0.9019762096834806,4355,59,0.0,0.2741844692700618
891,40,F,2,Uneducated,Single,$80K - $120K,Blue,46,3,5,6,19045.78560700269,0,19045.78560700269,1.0399072687434325,3381,76,2.3788671531479886,0.0
892,45,M,0,Graduate,Married,$60K - $80K,Blue,37,3,6,2,1438.3,0,1438.3,0.0,4688,56,1.9110738015016495,0.25569502043873626
893,47,M,1,Unknown,Divorced,$60K - $80K,Blue,35,1,1,1,19348.611735037077,0,19348.611735037077,1.8648156799721076,4334,52,0.33721800470029656,0.0
894,45,F,5,High School,Divorced,Unknown,Blue,32,5,3,3,8122.47920968127,181,7941.47920968127,0.8730373946414387,700,11,0.8452732959665226,0.4749231584071498
895,43,M,1,Uneducated,Single,$40K - $60K,Blue,44,4,4,6,16408.30845760196,1625,14783.308457601961,0.0,873,10,0.6356539959572823,0.17768296177660625
896,42,M,2,Graduate,Single,$60K - $80K,Blue,24,1,2,4,5818.507006115573,0,5818.507006115573,1.95404557991703,7770,74,1.6541085490362484,0.08835619495809069
897,59,F,4,High School,Married,$40K - $60K,Blue,44,5,1,5,1438.3,1119,319.29999999999995,0.0,3010,35,1.1612197670749063,0.10152244089297699
898,41,F,4,Uneducated,Divorced,Unknown,Blue,35,2,3,6,1438.3,701,737.3,0.4385011440366984,3660,58,1.0520667222709497,0.07500635903562011
899,46,M,3,High School,Unknown,Less than $40K,Blue,45,1,1,1,15106.935810597872,828,14278.935810597872,0.7985762817945102,3894,55,1.4407524404223815,0.0
900,53,M,2,Graduate,Single,Unknown,Blue,49,2,1,3,10270.62540334678,2517,7753.625403346779,2.0196363237514063,4717,68,0.0,0.09612293209586323
901,34,M,4,Graduate,Single,$80K - $120K,Blue,24,3,4,6,11550.144665778853,278,11272.144665778853,0.2612942373890947,3039,53,0.0,0.5093142515456719
902,45,F,2,High School,Single,$80K - $120K,Blue,46,1,4,2,12391.49079009962,297,12094.49079009962,0.0,2157,56,0.0,0.49183547776668707
903,40,M,1,Uneducated,Married,Unknown,Blue,26,5,4,3,10594.17806681038,769,9825.17806681038,0.5289787054969005,3135,48,0.0,0.3201657851721116
904,40,F,4,College,Married,Less than $40K,Blue,26,3,2,2,13493.451110220358,1165,12328.451110220358,2.2781094769247874,1391,48,0.7344470209779318,0.0
905,48,M,5,High School,Single,Less than $40K,Blue,47,3,0,4,13389.536979559805,563,12826.536979559805,1.7117495398513776,3003,52,0.9947120625950693,0.5424358100529221
906,43,M,2,High School,Married,$60K - $80K,Blue,37,3,1,2,9408.450665399943,0,9408.450665399943,0.0,1916,21,0.7303817423787239,0.1187672498209556
907,39,M,0,Unknown,Single,$60K - $80K,Blue,48,4,4,4,2809.5180571500414,0,2809.5180571500414,0.8627028872170875,3129,54,0.7815033904503843,0.5865607255420291
908,55,F,2,Uneducated,Married,$40K - $60K,Silver,38,4,0,0,1438.3,0,1438.3,0.35674979572451376,818,11,0.0,0.0
909,51,F,3,Graduate,Married,Less than $40K,Blue,30,4,3,4,1438.3,0,1438.3,2.1243031684400355,3304,57,0.0,0.28773921671738123
910,42,F,3,Graduate,Unknown,Less than $40K,Blue,13,4,0,0,8860.654586598379,513,8347.654586598379,0.0,4991,78,0.48475815921840404,0.999
911,26,M,1,Uneducated,Married,Less than $40K,Blue,15,6,3,5,7758.935666448323,608,7150.935666448323,0.0,2189,32,0.0,0.041042457557796175
912,56,F,2,Unknown,Single,Less than $40K,Blue,45,6,1,2,11963.250179615909,1640,10323.250179615909,2.277651675518734,2715,40,0.0,0.17305655748818696
913,54,F,5,Unknown,Married,Unknown,Blue,30,5,4,2,18350.62311367335,0,18350.62311367335,0.0,7404,79,0.0,0.4458910238407956
914,53,M,2,High School,Married,Less than $40K,Blue,50,6,0,3,1438.3,29,1409.3,0.29945635883919025,3621,46,2.719310641882487,0.9097821578481389
915,59,F,5,High School,Divorced,Unknown,Blue,25,3,4,5,13391.689592825813,0,13391.689592825813,1.1343848468573368,5828,80,0.7787794461318952,0.05441732267302136
916,36,F,1,College,Single,Unknown,Blue,50,3,3,3,10818.10566549533,2434,8384.10566549533,1.7369269442016773,6222,77,0.9338351017926493,0.0036466879637503113
917,48,F,3,High School,Single,$60K - $80K,Blue,28,5,1,0,5488.139869477956,1867,3621.1398694779564,1.607419056470733,5593,80,0.0,0.0
918,43,F,3,Graduate,Single,Less than $40K,Blue,29,3,1,2,1438.3,0,1438.3,0.0,3878,69,0.27543669016299244,0.0
919,36,M,0,Graduate,Divorced,Less than $40K,Blue,29,5,0,0,13314.267574960208,1427,11887.267574960208,0.8125070089641854,2723,39,0.0,0.0
920,52,F,4,Uneducated,Single,Less than $40K,Blue,27,2,4,4,13450.761636754054,60,13390.761636754054,0.0,2014,74,0.0,0.31149437245524625
921,50,F,3,College,Married,$120K +,Silver,48,2,2,3,10650.880193828321,915,9735.880193828321,0.9989235174601416,789,19,1.5604668562702784,0.7273610825771161
922,49,F,0,High School,Single,Less than $40K,Blue,31,1,2,4,4958.089280653068,899,4059.0892806530683,1.3706236276561667,4152,75,0.0,0.0
923,43,F,4,Graduate,Single,Less than $40K,Blue,50,5,1,4,14875.718643293461,1176,13699.718643293461,1.189904962609544,7458,96,0.0,0.5943152813212624
924,44,F,4,Unknown,Married,Less than $40K,Blue,34,1,0,1,8131.7110470969965,0,8131.7110470969965,1.9284446467870138,4730,65,0.38097536388702485,0.0
925,48,M,1,Uneducated,Married,Less than $40K,Blue,38,5,2,3,9929.041516739762,1509,8420.041516739762,0.0,2145,33,1.7746834292096043,0.6876413481713191
926,43,M,3,Doctorate,Married,Less than $40K,Blue,33,3,5,4,5402.608996937964,2411,2991.6089969379636,0.0,5282,71,0.5542646252094942,0.34662062331313154
927,45,F,3,Graduate,Married,$60K - $80K,Blue,54,3,2,3,16943.25602188154,2137,14806.256021881542,0.38419881806020073,2006,54,0.5742869876831764,0.10169662423824008
928,55,M,2,High School,Unknown,$40K - $60K,Blue,45,5,0,5,1438.3,155,1283.3,1.4599418064992031,1933,24,2.1782324806616344,0.059484778488329865
929,67,M,2,Graduate,Single,Unknown,Blue,45,2,6,4,21009.263290968935,171,20838.263290968935,2.3561996287138163,6986,85,0.0,0.04859977724249784
930,42,F,0,College,Single,$120K +,Blue,53,3,1,6,1438.3,1557,3.0,0.3050637495812198,2629,41,2.1266307890630123,0.49511449673505586
931,62,M,2,Graduate,Single,$80K - $120K,Blue,46,5,5,4,5316.611505174582,0,5316.611505174582,0.0,3790,44,0.4568718833967708,0.02205508036888005
932,47,F,5,Uneducated,Single,Less than $40K,Blue,17,5,6,6,3563.321290815059,744,2819.321290815059,0.8544492672302281,5607,98,0.3214813197342568,0.6999538187768359
933,45,F,2,Unknown,Married,$40K - $60K,Blue,54,4,4,2,1438.3,1686,3.0,0.0,1391,28,2.045543166060521,0.0
934,40,M,3,Uneducated,Single,Unknown,Blue,35,3,2,2,13078.357004529837,1068,12010.357004529837,0.4925940775496202,4696,70,0.8382267171713147,0.7999978389160122
935,49,F,3,Graduate,Married,$60K - $80K,Blue,40,4,1,6,7959.474404471303,2136,5823.474404471303,0.0,3835,71,0.0,0.0
936,49,M,4,Post-Graduate,Married,Less than $40K,Blue,27,2,4,3,5498.804225594669,0,5498.804225594669,0.306670879141029,2572,43,0.0,0.0
937,47,M,3,College,Single,$40K - $60K,Blue,30,4,1,2,10818.901008401603,0,10818.901008401603,0.0,6057,91,1.6731222219513975,0.8500000399148243
938,54,M,0,High School,Single,Less than $40K,Blue,26,4,6,6,13847.753787784117,772,13075.753787784117,1.5892601966885613,1556,27,0.8529238093429061,0.0
939,45,M,2,Graduate,Single,$40K - $60K,Blue,42,6,1,3,1451.8380560554715,1192,259.8380560554715,1.0370719374701345,2094,22,0.2512134584360154,0.06085735449043056
940,39,F,0,College,Single,Less than $40K,Blue,37,5,1,0,21557.71759394963,2517,19040.71759394963,0.0,5205,62,0.0,0.0
941,36,M,4,Uneducated,Married,Less than $40K,Blue,45,4,2,4,10440.637344650175,0,10440.637344650175,0.5426246077643193,4485,53,0.0,0.744791247066868
942,35,F,3,Unknown,Single,Less than $40K,Blue,50,3,2,4,5202.976489213115,0,5202.976489213115,0.48078558505112035,4693,83,0.6126436167142265,0.17317935404564033
943,57,M,1,Unknown,Unknown,Less than $40K,Blue,49,1,4,6,13767.465821734088,0,13767.465821734088,0.0,541,10,0.6749200955931456,0.5550714409395394
944,42,M,4,College,Single,$80K - $120K,Blue,28,4,0,3,8802.267961553393,1520,7282.2679615533925,2.60492458502701,5617,82,0.0,0.0
945,56,M,1,Doctorate,Married,$40K - $60K,Blue,41,4,5,0,5111.21095702391,1571,3540.21095702391,0.0,4892,79,0.2616206530809018,0.0
946,53,M,0,Unknown,Married,Unknown,Blue,28,4,2,3,11295.12899812743,1075,10220.12899812743,0.014434437186726434,5805,78,0.2971535541094248,0.6240198730394383
947,61,M,2,Doctorate,Married,Less than $40K,Blue,54,3,0,4,8381.852644024675,0,8381.852644024675,1.451558740322986,3627,43,0.7602561200549438,0.0
948,38,M,1,Uneducated,Married,$60K - $80K,Silver,43,5,3,0,13332.568243321057,1436,11896.568243321057,0.0,544,10,1.2319312417009893,0.7620975258522926
949,37,F,2,Unknown,Married,$60K - $80K,Blue,47,4,5,2,20519.94008815878,0,20519.94008815878,2.1354369011662415,1937,27,0.0,0.6580922501249873
950,58,M,4,Graduate,Married,Less than $40K,Blue,28,3,2,4,1438.3,670,768.3,0.8831383192036026,5717,82,0.06687177378388265,0.0
951,50,M,2,Post-Graduate,Single,Less than $40K,Blue,36,5,3,0,1438.3,0,1438.3,0.0,1066,25,2.7483009049124263,0.1490119948443748
952,56,M,3,Uneducated,Single,$120K +,Blue,29,4,2,3,1438.3,2095,3.0,2.1190667333134865,2423,49,0.04104311904278435,0.24443213654816787
953,42,M,4,Graduate,Married,Less than $40K,Blue,13,6,4,6,23944.062006987835,452,23492.062006987835,2.909201699529988,4202,53,0.0,0.2798385852599963
954,54,F,2,Unknown,Single,Unknown,Blue,32,4,0,0,1438.3,119,1319.3,0.7442386494133545,1595,25,0.0,0.14422802648347827
955,44,F,4,Graduate,Divorced,$60K - $80K,Blue,47,3,6,5,8751.79468710029,2278,6473.79468710029,1.5935123590523885,1555,25,0.0,0.0
956,49,F,0,Graduate,Single,Less than $40K,Blue,32,3,2,4,1438.3,422,1016.3,1.0019743484781654,3454,63,0.19705009459283584,0.23133052403599508
957,43,F,4,Graduate,Married,$60K - $80K,Blue,28,6,4,0,8208.13501145007,0,8208.13501145007,2.3219287110714113,1896,37,0.0,0.16984081095974093
958,50,F,0,Graduate,Divorced,Less than $40K,Blue,45,5,4,3,8922.763540497275,1481,7441.763540497275,0.0,2077,28,1.2439678232330187,0.27219645845893126
959,66,M,3,Uneducated,Single,Less than $40K,Blue,16,3,2,0,16688.2148947701,0,16688.2148947701,1.4080935203185887,863,12,0.5771145850527553,0.36889447894854244
960,43,M,1,Graduate,Married,$40K - $60K,Blue,32,2,1,1,16855.42152503236,1942,14913.421525032361,0.9861191471544386,3707,48,0.0,0.15687116259405276
961,29,M,3,Graduate,Single,Less than $40K,Blue,29,1,3,5,2149.7611272703016,277,1872.7611272703016,0.20354567199696233,1961,33,0.7527453565018688,0.0
962,41,M,4,Graduate,Married,Unknown,Blue,25,3,0,4,17503.50936477947,704,16799.50936477947,0.44464031452421915,8911,97,1.1082022638285125,0.0
963,41,M,4,Unknown,Married,$80K - $120K,Blue,32,6,3,3,1438.3,2517,3.0,0.8787922251799276,5947,81,0.22657830007267166,0.0
964,29,M,3,Unknown,Single,$120K +,Blue,30,3,1,5,8695.604466994972,1879,6816.6044669949715,1.0412718276440698,2713,29,2.096785988739249,0.428099557703413
965,61,F,1,Unknown,Single,Less than $40K,Blue,23,3,2,3,1438.3,812,626.3,0.461806406705844,4593,50,0.7355760508083534,0.0
966,53,M,4,High School,Married,$40K - $60K,Blue,28,4,2,6,8635.84508957675,1463,7172.845089576749,0.0,3725,91,1.2508605524503085,0.0
967,49,M,0,Unknown,Married,Less than $40K,Blue,36,3,1,2,12903.440202062502,1696,11207.440202062502,0.0,2464,50,0.9055728336862894,0.0
968,59,M,5,Unknown,Single,$40K - $60K,Blue,30,2,1,2,30143.95762695453,482,29661.95762695453,1.0147856157567399,3223,55,0.9263222231498608,0.0
969,51,F,0,Uneducated,Married,$120K +,Blue,37,2,4,4,1438.3,224,1214.3,2.3528835540525783,2234,48,1.0357172292756998,0.0
970,47,M,3,College,Married,$60K - $80K,Blue,32,3,2,3,11274.284903205606,308,10966.284903205606,1.7755573402844647,1436,26,1.3490495242871914,0.0
971,43,M,4,Uneducated,Single,$60K - $80K,Silver,47,3,4,3,13749.242415868048,668,13081.242415868048,0.3047966193545447,3742,41,1.2715600653520682,0.0
972,53,F,1,Graduate,Married,Less than $40K,Blue,44,4,6,6,1438.3,0,1438.3,3.1237744227488378,8975,89,0.0,0.27814408632867954
973,53,F,0,Unknown,Unknown,Less than $40K,Blue,28,4,2,4,12234.6687015272,180,12054.6687015272,1.022580605365202,8507,125,0.0,0.7270852583327281
974,55,F,3,Unknown,Married,Less than $40K,Blue,40,3,1,5,9823.974786389454,1412,8411.974786389454,1.614409493519565,1087,13,0.2530063687148925,0.0
975,32,M,4,Uneducated,Single,Less than $40K,Blue,38,3,3,4,1438.3,2293,3.0,0.09689834166320765,3213,55,1.1294342409432145,0.0
976,50,F,2,High School,Single,Less than $40K,Silver,35,3,2,1,10452.025465704208,1705,8747.025465704208,0.1340397616474709,3095,49,0.0,0.5434682115119603
977,43,M,1,Graduate,Married,Unknown,Blue,51,4,2,5,1438.3,717,721.3,0.0,861,10,1.303451904954911,0.06752292594108714
978,42,M,4,High School,Married,Unknown,Blue,55,4,0,4,1438.3,328,1110.3,0.0,3811,67,1.2568866276908608,0.0
979,40,F,2,High School,Married,$80K - $120K,Blue,51,2,2,0,1438.3,1693,3.0,0.5091587519747698,2565,35,1.993726545293895,0.2729943115038433
980,28,M,0,Unknown,Single,Less than $40K,Blue,24,3,0,4,16733.901778803956,0,16733.901778803956,1.1461464279202909,6501,86,0.0,0.28060573981460024
981,49,F,1,Uneducated,Married,$60K - $80K,Blue,39,4,1,0,12535.801561091625,0,12535.801561091625,0.7786176050465765,4932,60,1.7164735351736735,0.4557259970661544
982,38,M,0,Unknown,Single,$80K - $120K,Blue,40,4,2,2,8455.8437298295,822,7633.843729829499,2.2690901637842007,3557,49,0.2645227885004178,0.18322551253134012
983,41,M,2,Graduate,Married,$80K - $120K,Blue,20,2,5,0,6068.755766922157,416,5652.755766922157,0.4816810976172773,3789,49,1.0389594805783582,0.0
984,40,F,5,Uneducated,Divorced,$120K +,Blue,37,2,3,0,1438.3,1007,431.29999999999995,1.1012669303470108,622,10,1.3586623504923527,0.19405630773868746
985,56,F,0,High School,Married,Less than $40K,Blue,40,3,1,5,2353.061715206115,2517,3.0,0.5127838632063006,2992,54,0.0,0.5239037612468637
986,51,F,4,Uneducated,Married,Less than $40K,Blue,34,5,0,2,9789.038732840701,352,9437.038732840701,1.268978426153549,4856,79,0.0,0.4633222220807554
987,39,F,5,Graduate,Married,$40K - $60K,Silver,20,6,4,0,1438.3,1918,3.0,0.0,5447,62,2.040578777349729,0.0
988,53,F,4,High School,Divorced,Less than $40K,Blue,38,3,0,6,5831.321210700544,1184,4647.321210700544,0.11174036700996837,3442,47,0.041508380615458695,0.0834079550762869
989,37,F,1,High School,Married,Less than $40K,Blue,24,4,4,4,11321.99311487685,246,11075.99311487685,0.0,1523,42,1.6748997454486387,0.1604184931032059
990,41,M,5,Unknown,Single,Unknown,Blue,38,4,4,2,1438.3,365,1073.3,1.0045514358709382,6004,88,1.0257024081828887,0.0
991,40,M,2,Graduate,Married,$60K - $80K,Blue,50,4,5,3,1438.3,173,1265.3,1.611608558739952,4701,67,0.0,0.0
992,50,M,3,Unknown,Single,$40K - $60K,Blue,29,4,0,3,16030.755560574711,980,15050.755560574711,0.0,3486,53,0.085886379478746,0.29430860480179916
993,48,F,1,High School,Single,$40K - $60K,Blue,28,5,3,4,6101.824537559112,695,5406.824537559112,0.23574017976946138,3926,62,0.14798996998081343,0.0
994,63,M,3,Unknown,Married,Less than $40K,Blue,31,1,1,5,13467.547622057955,669,12798.547622057955,2.0855315714173677,2384,43,0.42262814365342305,0.3710025624305954
995,55,F,1,Graduate,Single,$60K - $80K,Blue,47,2,3,4,7531.636950326216,353,7178.636950326216,2.0387436631961977,4252,80,0.0,0.0
996,55,M,1,Unknown,Divorced,Less than $40K,Blue,27,1,2,2,8552.827713192779,0,8552.827713192779,1.8261957275524543,1754,29,0.6629402587739549,0.019413965371212677
997,62,F,0,Doctorate,Divorced,Unknown,Blue,43,6,6,1,11411.750534959809,0,11411.750534959809,1.8417252039228873,4780,66,0.0,0.519722996991933
998,33,M,2,College,Single,Unknown,Blue,21,3,1,2,1438.3,756,682.3,1.0619731768286977,2612,64,0.19463220762850098,0.0
999,45,F,2,High School,Single,Less than $40K,Blue,41,2,1,2,34516.0,413,34103.0,0.0,3522,78,0.18052332501423474,0.0
1000,49,F,4,Graduate,Married,$40K - $60K,Blue,45,5,2,5,16335.477836468133,1701,14634.477836468133,1.7261186494153666,3743,43,0.0,0.4248987017841672
1001,53,M,3,Uneducated,Single,$80K - $120K,Blue,49,1,6,0,1438.3,0,1438.3,0.0,7016,82,0.03983018495364532,0.5722725906829008
1002,32,F,2,High School,Single,Unknown,Blue,48,2,2,3,1438.3,2517,3.0,0.0,7421,80,1.4148091550618709,0.16548208467525435
1003,58,F,2,Graduate,Single,$40K - $60K,Blue,16,4,0,5,23544.836891800827,1872,21672.836891800827,1.7615310036394394,2389,41,0.0,0.16381372028758837
1004,53,F,2,Doctorate,Married,Less than $40K,Platinum,52,1,1,2,1438.3,1667,3.0,1.2510560486754068,754,10,0.0,0.8166460803458615
1005,32,M,0,Uneducated,Single,Less than $40K,Blue,40,4,3,4,21850.523400757673,1408,20442.523400757673,1.6918677960854493,5814,71,3.203332407351408,0.0
1006,49,F,5,Unknown,Married,Less than $40K,Blue,38,3,2,2,8348.563000607695,184,8164.563000607695,0.0,1416,23,0.0,0.0
1007,40,F,4,College,Unknown,$40K - $60K,Blue,35,3,3,4,1438.3,648,790.3,0.0,3932,65,0.0,0.5348053257075431
1008,47,F,3,Graduate,Single,$120K +,Blue,42,5,6,6,1655.1582024470927,1194,461.15820244709266,0.0,4004,56,2.7375743486191815,0.5555097873971419
1009,54,M,2,Unknown,Married,$60K - $80K,Blue,29,3,0,5,18345.276125768934,531,17814.276125768934,0.8505017332897222,2682,50,0.3311464294347588,0.5729175056997343
1010,55,M,0,Unknown,Married,$120K +,Blue,33,2,1,6,5230.265616783729,632,4598.265616783729,0.5793867479481298,5242,58,2.0274873934873625,0.5786558780453546
1011,50,M,4,Graduate,Married,Less than $40K,Blue,38,3,4,2,7082.478884397162,2008,5074.478884397162,0.0,5193,88,0.8507885129663838,0.0
1012,42,F,0,Uneducated,Unknown,$40K - $60K,Blue,35,2,0,5,1438.3,1937,3.0,0.0,3425,51,0.9635311703084097,0.999
1013,53,M,2,Graduate,Divorced,Less than $40K,Blue,35,6,3,5,7207.833707359316,1992,5215.833707359316,1.0191742016659884,4921,63,0.0,0.16501830523394595
1014,56,M,4,Doctorate,Single,Less than $40K,Blue,31,4,1,1,18495.21746310145,961,17534.21746310145,1.059646594940464,2299,43,0.2887676835276889,0.009091297089054817
1015,49,F,2,Graduate,Married,$80K - $120K,Blue,42,2,0,4,1438.3,727,711.3,0.2976899163452564,5489,76,0.8172661784160791,0.0
1016,51,M,2,Unknown,Single,$80K - $120K,Blue,35,3,0,1,17884.430757528185,1421,16463.430757528185,0.35022409795449977,5512,76,2.796878628484577,0.0
1017,49,M,2,College,Married,$60K - $80K,Blue,49,3,1,5,10941.500776617664,179,10762.500776617664,1.0352115577363372,4865,84,2.3875517238310637,0.5938541278954614
1018,44,M,3,High School,Married,Less than $40K,Blue,50,4,3,2,13308.44857111861,2370,10938.44857111861,0.17237867078616653,5364,69,1.8544724914447523,0.28286608255692886
1019,39,M,0,Uneducated,Married,$120K +,Blue,26,1,3,5,1438.3,0,1438.3,1.489110872371488,7981,124,0.41724825143191935,0.17228267909109357
1020,51,M,3,Uneducated,Single,$40K - $60K,Silver,33,4,5,0,7773.0553106255775,1567,6206.0553106255775,0.16476424650344323,1657,21,0.2116206159389144,0.0
1021,42,M,2,Graduate,Single,$60K - $80K,Blue,41,6,3,3,1438.3,0,1438.3,0.0,3142,48,1.5164110552998684,0.05931585352597471
1022,42,F,2,Graduate,Married,Less than $40K,Blue,31,3,0,6,13522.76629762938,1609,11913.76629762938,1.1591882837416894,4921,67,0.9659420242077991,0.0
1023,42,M,0,Uneducated,Married,Less than $40K,Blue,36,4,3,3,15038.316477430779,0,15038.316477430779,0.0,4983,69,0.060343016503657254,0.0
1024,34,F,1,High School,Single,Less than $40K,Blue,33,6,2,2,12881.037083235487,443,12438.037083235487,0.0,5143,90,0.0,0.0
1025,59,M,2,Doctorate,Married,Unknown,Blue,27,3,4,1,17789.82108740321,559,17230.82108740321,0.0,1398,26,1.149122789171375,0.0
1026,58,M,1,Graduate,Single,Less than $40K,Silver,22,2,3,4,6088.577491545331,274,5814.577491545331,0.0,8122,120,0.0,0.0
1027,50,F,5,Graduate,Unknown,$120K +,Blue,35,3,4,2,23418.307368500304,1901,21517.307368500304,2.3699493249267007,4112,83,1.0012118584911724,0.36564732387901194
1028,43,F,4,High School,Married,$80K - $120K,Blue,38,6,0,1,18978.98172116118,682,18296.98172116118,1.030706355689372,6656,101,0.7667414829661381,0.28308785186594854
1029,58,M,3,Unknown,Single,$80K - $120K,Silver,42,3,1,2,1438.3,0,1438.3,0.0,5499,75,1.4326270499826435,0.0
1030,41,M,3,College,Single,$120K +,Blue,27,3,0,0,1438.3,1189,249.29999999999995,0.05582626717700068,3840,47,2.4335666520998207,0.0
1031,51,M,2,Post-Graduate,Married,Less than $40K,Blue,31,1,5,1,2287.6690080216886,1821,466.66900802168857,0.0,5661,71,0.0,0.08118967275417391
1032,56,M,2,High School,Unknown,$60K - $80K,Blue,44,1,0,0,1438.3,1517,3.0,0.3075226649600631,5428,86,1.3183898030577292,0.4289256757803191
1033,55,M,5,Graduate,Single,$120K +,Blue,56,4,2,2,16627.545760871384,265,16362.545760871384,0.7860776141823311,3370,55,0.0,0.20815556896266837
1034,55,M,2,Doctorate,Married,Less than $40K,Blue,39,5,4,6,11325.04752671054,1266,10059.04752671054,0.0,1825,43,1.6075976449843776,0.0
1035,41,F,2,Uneducated,Single,Less than $40K,Blue,25,4,6,1,3289.0326427068994,2517,772.0326427068994,0.8191966457086601,5305,69,0.8077401269619804,0.0
1036,45,F,4,High School,Married,$40K - $60K,Blue,47,3,4,1,9203.36461174449,399,8804.36461174449,0.5041260777941668,1026,23,1.6649299124975947,0.3126699024965177
1037,41,M,2,College,Married,Unknown,Blue,40,4,6,0,11045.819315835004,564,10481.819315835004,0.0,4503,61,0.27627739684929126,0.19918690409033274
1038,53,M,2,High School,Single,Less than $40K,Blue,33,5,4,2,12033.265561704735,0,12033.265561704735,0.02722858082113666,4118,48,3.225188928784961,0.3718716356187465
1039,33,M,3,Post-Graduate,Married,Less than $40K,Blue,30,1,4,3,1438.3,2517,3.0,1.1860731717688233,3580,61,0.0,0.3687553157794563
1040,48,M,2,Uneducated,Married,$60K - $80K,Blue,42,4,2,5,7295.925364194938,1599,5696.925364194938,0.5320990718281036,3009,50,0.0,0.0
1041,41,M,3,Graduate,Married,$40K - $60K,Silver,38,4,4,3,7282.823441081489,1209,6073.823441081489,1.9367698357235696,2448,47,0.17767168098209957,0.42183627122042494
1042,50,F,0,College,Single,$60K - $80K,Blue,50,3,1,3,17009.479180251008,0,17009.479180251008,0.0,5539,79,0.0,0.16382265389963466
1043,46,M,5,Graduate,Single,Unknown,Blue,34,3,2,0,11514.377197654869,187,11327.377197654869,1.8107878236076533,7769,92,0.0,0.09119215038856211
1044,40,F,3,Uneducated,Single,$80K - $120K,Gold,25,3,2,4,17556.7630381274,438,17118.7630381274,0.8607042692269402,7757,131,1.7186397230093702,0.1029700975696228
1045,41,F,0,High School,Married,Less than $40K,Blue,33,3,0,6,28238.504472547764,0,28238.504472547764,1.7229022600115529,6140,89,0.0,0.11512389757658992
1046,53,F,2,College,Unknown,$40K - $60K,Blue,36,5,6,4,3273.3566786855836,0,3273.3566786855836,1.651696839975847,3801,59,0.0,0.0
1047,41,M,3,Unknown,Single,Less than $40K,Blue,44,5,3,4,15279.554493469932,20,15259.554493469932,1.2442561095902658,5508,61,1.6028615288222272,0.6479951682842393
1048,44,F,2,College,Single,$40K - $60K,Blue,26,3,5,1,23561.495231089037,437,23124.495231089037,1.0724336920189441,510,10,0.0,0.0
1049,55,F,3,Graduate,Single,$60K - $80K,Blue,38,3,5,0,29455.930887082035,164,29291.930887082035,0.0,8857,107,0.603466382500617,0.18213835963981853
1050,46,F,0,Post-Graduate,Divorced,$40K - $60K,Blue,41,5,1,3,22823.012197397817,940,21883.012197397817,1.0374151795041655,3146,50,0.0,0.05454436258547139
1051,42,F,3,Unknown,Single,Less than $40K,Blue,29,5,4,6,20714.28589089129,2428,18286.28589089129,2.0888787861039706,5590,101,1.0538846518133536,0.33285132121315897
1052,56,M,1,College,Single,$120K +,Blue,20,3,1,2,15889.703952422398,803,15086.703952422398,1.6059055922601682,684,10,1.365932419530071,0.40956510554370673
1053,48,F,3,Unknown,Married,Unknown,Blue,39,5,1,2,20120.30339870146,103,20017.30339870146,0.42798990752932037,6509,89,0.0,0.8983026654695411
1054,46,F,1,Doctorate,Single,$60K - $80K,Blue,35,3,4,5,1438.3,946,492.29999999999995,0.0,2025,81,0.0,0.0
1055,48,M,4,Unknown,Married,Less than $40K,Blue,39,4,5,4,1824.9881699479183,1640,184.98816994791832,0.0,5548,95,0.0,0.0
1056,65,F,2,Graduate,Married,Less than $40K,Blue,28,2,3,1,9909.718680466513,1896,8013.7186804665125,2.1603407581179686,6721,94,0.26711464244680533,0.49001695279001634
1057,50,M,5,High School,Unknown,Unknown,Blue,36,6,2,0,22866.642523083898,0,22866.642523083898,0.803100110522359,2492,31,0.0,0.0
1058,42,F,0,Unknown,Divorced,$40K - $60K,Blue,39,4,2,1,3066.407048882219,1518,1548.407048882219,0.5909666528015967,4590,63,0.0,0.024182824053993024
1059,47,M,3,Doctorate,Single,$120K +,Blue,40,5,4,3,16851.830718099856,198,16653.830718099856,0.5565094258736426,7093,112,1.8374703172071494,0.19998743088521934
1060,68,M,0,High School,Married,Unknown,Blue,55,5,1,2,23436.346958895116,2394,21042.346958895116,0.37801370725685646,2517,50,1.5273242170109347,0.0
1061,33,F,4,Uneducated,Single,$60K - $80K,Blue,30,4,2,3,13160.599332359594,0,13160.599332359594,2.1397153685563,1923,35,0.20753988447750954,0.0
1062,51,F,2,Uneducated,Married,$40K - $60K,Silver,20,4,4,5,6766.006419449103,0,6766.006419449103,0.0,4503,66,0.0,0.0
1063,57,M,1,College,Married,Less than $40K,Gold,48,4,0,0,7404.112541063145,760,6644.112541063145,0.0,5326,73,0.0,0.3759426322217101
1064,55,M,2,Graduate,Single,$120K +,Blue,53,1,1,3,2587.2756170291523,0,2587.2756170291523,1.1283120908795663,2735,55,0.9893857177730407,0.20164726668470317
1065,49,M,2,Graduate,Married,$80K - $120K,Blue,45,2,4,0,9296.55161953892,2517,6779.551619538919,0.0,4393,75,0.12150406647070472,0.344740735305644
1066,43,M,1,Graduate,Single,$80K - $120K,Silver,43,4,4,5,16430.483747144342,294,16136.483747144342,0.0,7733,90,0.06880990878556836,0.40493127583293187
1067,43,M,4,Doctorate,Single,$40K - $60K,Blue,25,1,4,3,9832.63437296841,309,9523.63437296841,1.2048386207210653,6856,97,0.17496997139597814,0.6287378418046641
1068,44,M,4,College,Divorced,$80K - $120K,Silver,16,3,3,2,7281.468176951531,956,6325.468176951531,0.0,4002,80,0.0,0.1718944989383039
1069,51,M,3,High School,Single,$40K - $60K,Blue,52,3,3,1,1438.3,0,1438.3,3.2967608435991895,3604,75,1.213170702621499,0.5926372982990371
1070,57,F,2,High School,Single,Unknown,Blue,26,4,3,5,1438.3,747,691.3,0.0,7072,90,1.1802357296802066,0.4252348837230669
1071,50,M,4,Doctorate,Single,$40K - $60K,Blue,41,5,3,3,7519.126817553242,861,6658.126817553242,0.0,735,10,0.02848103628121401,0.0
1072,50,M,3,Graduate,Married,Less than $40K,Blue,45,4,6,4,12823.969722590318,594,12229.969722590318,0.33798895700107895,2725,41,1.074634527484133,0.19877623756622279
1073,36,F,2,Graduate,Single,Less than $40K,Blue,36,2,3,6,1438.3,0,1438.3,0.16344493810552935,2353,35,0.4668281572191783,0.022389982646376157
1074,45,M,3,Graduate,Married,$120K +,Blue,34,4,2,5,10690.270293966369,2092,8598.270293966369,0.0,9184,98,1.3196299393957656,0.0
1075,43,M,3,High School,Married,Unknown,Blue,39,2,3,2,9119.510907607617,968,8151.510907607617,0.5486759438378139,2957,50,0.5783625392379241,0.4394539128881433
1076,45,F,0,Unknown,Divorced,$120K +,Blue,29,2,1,5,1438.3,792,646.3,1.162538063062156,4119,64,0.0,0.0
1077,35,F,0,Graduate,Married,$40K - $60K,Blue,22,4,0,6,1445.9637686271435,250,1195.9637686271435,0.0,1300,32,0.0,0.6157723191772025
1078,48,F,2,Graduate,Single,Less than $40K,Blue,36,5,5,3,1438.3,1730,3.0,0.2043778863621018,517,10,2.3888472397600795,0.22885611943782863
1079,39,M,0,Uneducated,Married,$120K +,Blue,39,3,3,3,7793.035967859481,886,6907.035967859481,1.149552224566294,1840,47,0.0,0.0
1080,34,M,5,Unknown,Married,$80K - $120K,Blue,38,3,4,1,1438.3,0,1438.3,0.7905592490646716,3951,50,0.0,0.5038014191101399
1081,44,M,5,Unknown,Single,$80K - $120K,Blue,39,5,0,0,27557.103892685445,581,26976.103892685445,1.1803086961450395,2159,47,0.3576481188430168,0.8288792904997896
1082,26,F,3,Uneducated,Single,Less than $40K,Blue,33,3,5,4,1438.3,1913,3.0,1.1044981119043054,4490,80,1.2251024855324157,0.19808774666726445
1083,48,M,5,College,Married,$60K - $80K,Blue,34,2,1,5,13878.603704830839,833,13045.603704830839,2.1463034826889715,7121,102,0.4349929306410627,0.7445237619695102
1084,42,F,2,Graduate,Single,$40K - $60K,Blue,44,3,5,6,17454.015923505714,880,16574.015923505714,0.0,4590,76,0.0,0.8995596913831794
1085,56,F,1,Graduate,Single,$40K - $60K,Blue,43,4,3,6,2398.8193658975124,441,1957.8193658975124,1.4851462976730954,588,10,1.7696247884476053,0.36416027627003555
1086,44,F,4,College,Single,$40K - $60K,Blue,36,3,5,4,7296.695423019213,1929,5367.695423019213,0.0,6455,101,1.9014155555419254,0.0
1087,59,F,0,Graduate,Single,$60K - $80K,Blue,29,2,0,6,1438.3,1251,187.29999999999995,0.7313085240088402,2513,80,0.07358907312440355,0.19014290962826497
1088,51,M,3,Graduate,Married,Unknown,Blue,13,4,4,2,21553.813566785742,0,21553.813566785742,0.3043252267357998,6047,78,0.11993682357048457,0.0
1089,55,M,1,Post-Graduate,Married,Unknown,Blue,44,5,0,4,17735.585416370384,774,16961.585416370384,0.8652638876505766,7898,99,0.6470080263764639,0.05257671006383732
1090,55,M,2,Uneducated,Married,$40K - $60K,Blue,46,4,6,6,1438.3,932,506.29999999999995,2.318698533326332,5659,75,0.3519416109403229,0.4401510092201399
1091,50,M,2,College,Married,Unknown,Blue,28,3,3,1,2330.9320845942857,159,2171.9320845942857,0.0,3717,117,2.067469337257563,0.4332499007908452
1092,50,M,1,High School,Single,Less than $40K,Blue,17,5,3,3,4191.463158318805,1302,2889.4631583188047,0.35296623466967725,3986,57,2.109026524880092,0.3365800097888847
1093,33,M,5,High School,Married,Less than $40K,Blue,40,1,3,0,19358.677269323754,1327,18031.677269323754,0.0,3841,67,0.8251234138795316,0.9534636296192833
1094,47,F,5,Unknown,Single,$60K - $80K,Blue,35,2,2,5,16620.8820913038,0,16620.8820913038,0.0,1042,18,0.5840591987924444,0.18829730915378506
1095,61,M,5,High School,Married,$80K - $120K,Blue,34,4,3,2,17220.712210219346,1022,16198.712210219346,0.18922159340746159,2853,45,1.3987233910814223,0.0
1096,45,F,5,Graduate,Married,$40K - $60K,Blue,19,5,5,0,16440.517669096123,286,16154.517669096123,0.0,1361,23,1.0277763828941446,0.6559398621127874
1097,48,M,5,Graduate,Married,Less than $40K,Blue,14,5,3,6,21668.39159930667,999,20669.39159930667,0.0,5023,64,3.34984076027257,0.43166107614751387
1098,45,F,1,Doctorate,Single,Less than $40K,Blue,56,4,0,2,11554.66251333823,270,11284.66251333823,1.3878311453628114,959,13,1.740269007470732,0.0
1099,51,F,0,College,Single,$80K - $120K,Blue,41,4,4,1,15910.531525833061,400,15510.531525833061,0.35616352322029265,3933,52,1.9228126718926104,0.0
1100,55,F,0,Graduate,Married,$40K - $60K,Blue,34,3,4,2,13902.394836510697,119,13783.394836510697,0.0,4064,63,2.0551189419953535,0.23496419758992987
1101,45,M,2,College,Single,$60K - $80K,Blue,25,5,1,5,1438.3,294,1144.3,1.273359730983147,4446,60,0.2991378530689501,0.0
1102,43,M,3,Graduate,Divorced,Less than $40K,Blue,46,5,5,0,17085.01068157354,417,16668.01068157354,2.3073566732109136,2774,47,0.5667709901118311,0.5143923564196116
1103,49,F,4,High School,Divorced,Less than $40K,Blue,33,2,4,6,18613.12495914981,1191,17422.12495914981,0.29874565804285164,4560,84,0.0,0.3307381722927216
1104,47,M,2,College,Divorced,Less than $40K,Blue,31,3,0,3,15460.40902864323,354,15106.40902864323,2.678199762749888,3934,42,0.5790732357176447,0.0
1105,60,F,2,High School,Married,$60K - $80K,Blue,35,4,6,3,27971.992784991802,211,27760.992784991802,0.0,1207,15,0.40469616167497735,0.4682573940861978
1106,52,M,3,Graduate,Married,Less than $40K,Blue,42,4,2,2,11012.57381149281,2517,8495.57381149281,2.136618961071405,2351,56,0.05162807784916257,0.0
1107,35,F,2,College,Single,$40K - $60K,Silver,48,4,0,2,1438.3,1413,25.299999999999955,1.9394411417727957,2004,23,0.0,0.0
1108,39,F,0,High School,Married,$120K +,Blue,43,4,1,2,23049.555487021014,472,22577.555487021014,0.0,2014,57,0.16228768198259708,0.4123588353776039
1109,52,F,3,Graduate,Married,$80K - $120K,Blue,24,3,3,5,16705.44619961577,1531,15174.44619961577,0.7472535954163756,1452,36,0.0,0.0
1110,43,M,4,Graduate,Married,$40K - $60K,Blue,56,1,3,3,20166.90136625977,0,20166.90136625977,0.3848410183799693,6320,93,1.4295899535429495,0.0
1111,46,F,2,Graduate,Married,Less than $40K,Blue,52,3,1,3,20811.869567817266,93,20718.869567817266,0.0,3071,78,2.5698364352222463,0.0
1112,42,M,1,Graduate,Divorced,Less than $40K,Blue,28,2,5,2,5699.923819272695,1504,4195.923819272695,0.7566950343770231,3185,61,2.069804514948347,0.0
1113,58,F,2,College,Married,$40K - $60K,Blue,35,4,2,6,1438.3,1331,107.29999999999995,0.64993442319358,10512,130,0.6616098098619314,0.5281880816233006
1114,34,F,0,Graduate,Single,$80K - $120K,Blue,32,3,4,2,3505.2898385846947,82,3423.2898385846947,0.2434185296235727,2887,66,0.15363544253953398,0.3172755894602664
1115,56,F,0,Unknown,Unknown,$60K - $80K,Blue,38,2,3,3,2354.726404969815,528,1826.7264049698151,2.072523247274092,3278,46,2.628309217203049,0.5382319327216041
1116,45,F,3,High School,Married,Less than $40K,Blue,56,3,3,5,12740.999396799783,186,12554.999396799783,0.022389187437652835,627,10,0.0,0.13499911954020716
1117,53,F,4,High School,Single,$80K - $120K,Blue,23,4,0,2,1438.3,1768,3.0,0.12949798761046127,3945,81,0.0,0.4063922409687601
1118,45,M,2,Uneducated,Married,Less than $40K,Blue,24,4,2,4,11583.412440856826,132,11451.412440856826,0.5174796497468821,9065,102,2.7368177207392366,0.11241939456037647
1119,42,F,1,Graduate,Married,$80K - $120K,Blue,31,1,0,4,1438.3,1508,3.0,0.8041316232537399,6918,61,1.091394873518114,0.06267770985347546
1120,48,F,3,High School,Married,Less than $40K,Blue,51,1,4,2,14944.80704883892,0,14944.80704883892,0.0,5223,82,0.0,0.999
1121,44,M,0,Graduate,Single,$120K +,Blue,41,1,4,5,1438.3,0,1438.3,1.6139038443193021,5925,65,0.32533900860034803,0.3416634347195475
1122,47,F,5,Graduate,Married,$80K - $120K,Blue,44,4,2,6,19493.423226916573,887,18606.423226916573,0.670120684685089,2287,37,2.588409500447125,0.29031832282660375
1123,52,F,2,High School,Single,Less than $40K,Blue,33,1,2,3,1438.3,0,1438.3,0.11781004262143746,4841,76,0.8364220013075281,0.2117036221021005
1124,40,F,2,Unknown,Single,Less than $40K,Silver,27,5,1,4,1438.3,0,1438.3,0.0,3513,51,1.610814471605536,0.3079959173634049
1125,53,F,4,Uneducated,Single,Less than $40K,Blue,45,3,1,6,13331.863771053973,1396,11935.863771053973,0.0,4543,57,1.1780771713457714,0.04616663052241436
1126,31,M,5,College,Single,Less than $40K,Blue,28,5,4,3,24280.71173747383,1596,22684.71173747383,1.8554753818527818,2754,60,0.0,0.9297118037624451
1127,42,F,2,High School,Married,Less than $40K,Blue,33,4,3,4,7426.999108039658,0,7426.999108039658,1.1585133189821848,8366,93,1.4568058200910907,0.16552308970135282
1128,36,F,3,High School,Single,$120K +,Blue,38,6,3,4,24740.873965805666,1753,22987.873965805666,0.0,5199,61,1.5780803665794902,0.0
1129,57,F,1,Unknown,Married,$40K - $60K,Blue,30,3,1,5,1438.3,956,482.29999999999995,0.0,1732,39,0.0,0.46212959365406503
1130,52,M,0,Doctorate,Married,Unknown,Blue,38,6,0,4,20241.977298049576,663,19578.977298049576,1.998899187236254,4533,56,0.0,0.3518955020960216
1131,43,M,3,Doctorate,Single,$60K - $80K,Silver,35,2,5,3,14951.352527679159,1703,13248.352527679159,1.7471706803785005,4053,69,0.9389631635366905,0.0
1132,49,M,2,Graduate,Married,$80K - $120K,Blue,49,3,2,4,1438.3,161,1277.3,0.0,7005,101,0.0,0.2563271492646919
1133,55,M,2,Unknown,Married,Unknown,Blue,41,5,1,6,4523.0751469718,570,3953.0751469717998,0.7881679273520308,2400,60,1.1222433877705211,0.5598573493094066
1134,64,M,4,Graduate,Married,$60K - $80K,Blue,44,5,1,2,14411.806453757197,1920,12491.806453757197,0.03688904991455477,1414,17,1.5187602976536156,0.12798742825875978
1135,40,F,4,Graduate,Single,Unknown,Blue,45,2,3,6,3968.1684949268365,717,3251.1684949268365,1.214749578988521,3631,65,0.669474729673623,0.2056885325806006
1136,63,F,2,Graduate,Single,$80K - $120K,Blue,26,3,0,0,1438.3,0,1438.3,1.395542890696489,2509,53,0.0,0.4209532705382804
1137,56,F,5,Unknown,Married,$40K - $60K,Silver,50,3,0,5,1438.3,0,1438.3,0.10916588016241635,7106,89,0.12370131437334181,0.0
1138,51,M,1,Uneducated,Single,$40K - $60K,Blue,45,2,6,5,3888.323915792849,836,3052.323915792849,2.029198952797177,2588,36,2.4090976142282328,0.0
1139,55,M,4,Graduate,Married,$40K - $60K,Blue,52,3,4,3,18724.325912344408,1962,16762.325912344408,0.0,4297,74,0.007092715088718893,0.11801094981346161
1140,47,F,1,Post-Graduate,Married,Less than $40K,Blue,29,4,6,4,11315.145532637853,0,11315.145532637853,3.233055642425449,4143,56,0.0,0.0
1141,50,F,0,Uneducated,Single,Unknown,Blue,24,3,0,4,16856.205320841895,0,16856.205320841895,0.0,4045,59,0.15582688165781639,0.0
1142,45,F,2,High School,Single,Less than $40K,Blue,56,4,5,3,9284.982807118562,514,8770.982807118562,0.09880315596917111,4150,59,0.6154259745554584,0.47091752089000555
1143,56,F,1,High School,Single,Less than $40K,Blue,44,4,4,0,12882.953413502073,144,12738.953413502073,0.09204074077672764,3500,50,1.4168752872105952,0.4186352830447515
1144,45,F,3,Uneducated,Single,$120K +,Blue,32,4,2,1,26696.265707463324,213,26483.265707463324,0.0,3572,59,2.7773937454697712,0.999
1145,43,F,3,Graduate,Single,Unknown,Blue,42,1,3,1,17724.43875903624,887,16837.43875903624,0.0,4716,59,2.1682594255167342,0.0
1146,44,F,1,Post-Graduate,Single,$40K - $60K,Blue,25,2,6,2,34516.0,1117,33399.0,0.0,1122,19,0.0,0.7288705041782242
1147,53,M,2,High School,Unknown,Unknown,Blue,32,3,2,2,21022.877430751687,1167,19855.877430751687,0.0,5069,51,0.7664427126321248,0.5051028944609307
1148,46,M,0,High School,Married,$40K - $60K,Silver,37,5,2,3,12613.274521217038,0,12613.274521217038,1.3892815918611396,1963,33,0.0,0.08942374871147438
1149,31,F,1,Graduate,Unknown,$40K - $60K,Blue,32,3,3,6,14842.815637073376,0,14842.815637073376,0.0,3505,100,0.0,0.0
1150,41,F,0,Unknown,Single,$80K - $120K,Blue,40,3,1,0,8800.766278981708,761,8039.766278981708,0.14274590811277799,2282,32,0.7791331594735529,0.8782661073896851
1151,36,F,4,High School,Married,Less than $40K,Blue,33,3,2,2,14239.591099713194,624,13615.591099713194,0.13659470807565166,7296,96,1.9468690874259962,0.0
1152,43,F,0,Uneducated,Married,Less than $40K,Silver,32,3,2,1,1438.3,1087,351.29999999999995,1.1329087636367445,3312,46,0.4412414468373405,0.07907481517667819
1153,42,M,1,Uneducated,Married,$60K - $80K,Blue,38,5,3,1,11956.47220734317,510,11446.47220734317,1.5223798803380082,4555,69,1.878474485048947,0.7278431733148414
1154,51,M,1,Post-Graduate,Divorced,$120K +,Blue,31,1,3,2,4484.241339092222,0,4484.241339092222,1.1405625838263578,1273,22,0.0,0.1448873823199313
1155,46,M,2,Graduate,Single,$80K - $120K,Blue,42,1,4,5,1438.3,440,998.3,0.0,2759,68,0.0,0.42178669301765864
1156,42,M,0,Graduate,Married,Less than $40K,Blue,51,5,3,0,20845.470782177475,2096,18749.470782177475,0.0,2256,49,0.40329949833532547,0.0828954601886882
1157,52,F,5,High School,Single,Less than $40K,Blue,24,6,3,3,2076.4588510993344,929,1147.4588510993344,0.0,683,10,1.1276348417374362,0.02778544169388497
1158,40,M,3,Post-Graduate,Unknown,Less than $40K,Blue,29,4,4,0,6924.576538241245,0,6924.576538241245,0.0,3813,47,0.0,0.4875708157245217
1159,39,M,2,College,Single,$80K - $120K,Blue,56,2,3,3,1438.3,525,913.3,0.0,5156,70,1.0212014842479074,0.0
1160,41,F,2,High School,Single,$80K - $120K,Blue,35,3,2,4,1483.800838029083,1433,50.800838029083025,0.0,1999,44,1.3025663758550685,0.446525993910702
1161,47,F,1,Unknown,Single,$60K - $80K,Blue,33,2,2,2,19328.61600935398,0,19328.61600935398,0.8275014611533035,4790,70,0.0,0.0
1162,63,M,4,Graduate,Married,$40K - $60K,Blue,44,4,1,3,1438.3,1146,292.29999999999995,0.19329806865608878,1418,27,0.0,0.5956743020047843
1163,42,F,1,Unknown,Married,Less than $40K,Blue,29,1,6,3,5068.30391205484,0,5068.30391205484,0.5503030849553525,6133,79,0.815059307977286,0.4797661862310547
1164,41,F,0,Graduate,Married,Less than $40K,Blue,22,5,3,3,8057.933383367935,1565,6492.933383367935,0.0,4685,60,0.0,0.18643871289686073
1165,48,M,3,Unknown,Single,$60K - $80K,Blue,43,3,6,4,1438.3,882,556.3,1.118838519648597,2157,28,0.735227330814827,0.0
1166,48,F,2,Uneducated,Married,Unknown,Blue,42,4,4,3,14206.214661365993,2134,12072.214661365993,1.8994918582738218,510,10,0.8911212358560948,0.0
1167,50,M,2,Unknown,Single,$80K - $120K,Blue,22,6,1,1,13784.468576350519,41,13743.468576350519,0.275073716661014,1430,30,0.033490982795852386,0.44520650819396296
1168,28,M,5,Unknown,Single,$60K - $80K,Blue,36,2,2,5,1438.3,976,462.29999999999995,0.0,7735,127,2.5382197303675755,0.0
1169,46,M,3,Uneducated,Single,Less than $40K,Blue,36,2,5,3,20522.580822195374,362,20160.580822195374,0.3686633178452625,4660,78,0.25551981190606576,0.0
1170,57,F,1,Post-Graduate,Married,Unknown,Blue,45,5,2,0,6350.897907616555,1564,4786.897907616555,0.0,546,10,1.1700579945109584,0.999
1171,51,F,3,Graduate,Married,$60K - $80K,Blue,42,3,1,1,8512.173274454584,0,8512.173274454584,0.8086176342101492,8525,85,0.8760302914466647,0.0
1172,57,M,2,College,Married,Less than $40K,Blue,33,2,0,4,12301.859963870631,0,12301.859963870631,0.0,3556,46,0.0,0.0
1173,54,M,3,Doctorate,Single,Unknown,Blue,21,5,3,3,19364.06096702168,0,19364.06096702168,0.0,2285,76,0.0,0.3950432310552964
1174,47,M,5,College,Unknown,Less than $40K,Blue,50,5,4,3,13540.574160652879,1280,12260.574160652879,0.20366059681793008,5355,69,1.2252280576219343,0.2247322723279293
1175,49,M,1,Graduate,Single,$60K - $80K,Blue,44,5,5,1,9256.840020790565,232,9024.840020790565,1.6703354969169226,3391,63,1.0846058582688842,0.0
1176,52,F,4,High School,Single,$120K +,Blue,34,4,2,3,1438.3,984,454.29999999999995,0.9356000557622212,1593,25,1.0476787673676942,0.027995398041572
1177,47,F,2,College,Unknown,Less than $40K,Blue,56,2,5,3,10555.52057673541,701,9854.52057673541,1.9574364848500998,2297,42,0.6411802066794632,0.41307410291021524
1178,48,F,0,Unknown,Married,$40K - $60K,Blue,33,3,0,6,22277.52190065966,944,21333.52190065966,1.6816501873577359,4717,75,0.0,0.22640780543255723
1179,36,F,1,High School,Married,$120K +,Blue,36,3,2,3,3247.1662204287404,0,3247.1662204287404,0.16527602479115866,5653,97,1.0010442995101014,0.34931603444388126
1180,41,F,1,Graduate,Single,$60K - $80K,Blue,35,4,4,3,4273.179596518503,536,3737.179596518503,1.5574417732265449,9011,117,1.008556181930713,0.20549189790570704
1181,29,M,1,High School,Married,$80K - $120K,Blue,39,2,0,1,4030.3441700999183,0,4030.3441700999183,2.421534173324143,4963,62,0.3975856254552175,0.0
1182,35,F,3,Graduate,Married,$40K - $60K,Blue,13,2,2,1,1438.3,0,1438.3,0.3896000724251032,5538,94,1.4734510507931324,0.023321620234517004
1183,46,F,4,Unknown,Divorced,Less than $40K,Blue,42,5,3,1,1438.3,0,1438.3,1.3989799278626784,3474,49,3.6797412193770045,0.23689700626483134
1184,45,M,1,Uneducated,Single,$40K - $60K,Blue,42,3,5,2,1438.3,1388,50.299999999999955,0.0,2540,70,0.2536336222161724,0.0
1185,51,M,1,High School,Married,Less than $40K,Blue,31,6,2,0,5323.97055990271,134,5189.97055990271,0.0,6256,80,0.4997310818251838,0.0
1186,37,F,5,Unknown,Married,Less than $40K,Blue,29,3,1,2,1438.3,0,1438.3,0.0,5596,92,2.0277274326501833,0.0
1187,53,M,4,Graduate,Married,$80K - $120K,Blue,31,3,3,1,1438.3,830,608.3,1.1749588177278267,2654,41,0.5986568953146372,0.13388470061134455
1188,46,F,5,Uneducated,Married,$60K - $80K,Silver,34,3,4,0,1438.3,0,1438.3,1.5187848759936018,1863,27,0.3155398350660293,0.0
1189,45,F,0,College,Married,$40K - $60K,Silver,37,2,2,2,4878.908204752905,1068,3810.9082047529046,0.0,1370,17,1.1283021612746449,0.7415800829246741
1190,50,M,1,Graduate,Single,$80K - $120K,Blue,33,5,3,3,15200.255399875961,1316,13884.255399875961,0.3752264004235656,2887,49,1.3470802477991928,0.0
1191,43,M,4,High School,Married,Less than $40K,Blue,37,3,4,2,21768.306554352144,793,20975.306554352144,0.7935889281657271,1335,24,0.001429600976222467,0.05514881718398322
1192,43,F,5,Unknown,Single,$80K - $120K,Blue,30,3,2,5,2549.3263191712867,0,2549.3263191712867,2.7482511406171835,1283,46,0.0,0.8506841781091086
1193,43,F,2,High School,Married,Unknown,Blue,56,3,3,0,1438.3,1052,386.29999999999995,1.0343907904788998,3454,50,0.0,0.0
1194,55,F,1,Uneducated,Married,Less than $40K,Blue,34,5,0,4,1438.3,1338,100.29999999999995,1.53343490716238,3115,68,0.10780940937622552,0.30712466067799965
1195,42,M,1,Graduate,Married,Unknown,Blue,23,4,2,4,11691.133121748744,2203,9488.133121748744,0.12193981698011869,4436,98,1.5005711293748352,0.6046766391562863
1196,42,F,3,Uneducated,Single,Unknown,Blue,42,5,4,2,4738.509517022753,2373,2365.5095170227532,0.0,6276,86,0.0,0.2410062991582992
1197,46,F,3,Unknown,Married,Unknown,Blue,13,1,0,2,20293.85619372452,65,20228.85619372452,1.1508748295478202,5106,119,0.0,0.0
1198,50,F,4,High School,Married,$120K +,Blue,16,4,2,1,1438.3,1309,129.29999999999995,1.3478413243774756,5819,64,0.0,0.2190874947974249
1199,57,F,2,Graduate,Married,Unknown,Blue,34,5,4,1,1438.3,0,1438.3,0.0,2879,93,0.0,0.608426658007881
1200,42,F,5,Graduate,Married,Less than $40K,Blue,19,4,4,5,1438.3,960,478.29999999999995,2.6183589199507886,2169,42,0.0,0.2883494731198848
1201,55,M,3,Graduate,Single,Unknown,Blue,37,1,1,4,1438.3,1199,239.29999999999995,0.0,5591,85,1.0556290540251068,0.999
1202,44,F,5,Graduate,Married,$40K - $60K,Blue,34,3,4,0,1438.3,0,1438.3,0.5950657970397962,5188,67,0.0,0.2581671414377257
1203,39,M,1,College,Married,Less than $40K,Blue,47,6,3,3,11529.701782648572,1471,10058.701782648572,0.6704448538626399,8067,119,0.0,0.37477738224647716
1204,46,F,2,Graduate,Single,Unknown,Blue,48,5,3,4,3807.3505606910458,1771,2036.3505606910458,1.5651058679229088,1830,27,1.9839997605957822,0.0
1205,44,F,5,Uneducated,Unknown,$40K - $60K,Blue,33,4,3,3,9276.521173024359,0,9276.521173024359,2.469959700820082,4318,59,0.0,0.6110742031207159
1206,46,M,3,Graduate,Single,$80K - $120K,Blue,17,4,2,2,4058.7439374423575,223,3835.7439374423575,0.0,3931,64,1.4262242061270765,0.49574165124372715
1207,57,F,5,College,Single,$120K +,Blue,20,4,5,6,1767.3196081780998,1515,252.31960817809977,2.542866680366415,5438,87,0.0,0.6032005468131569
1208,44,M,5,College,Single,Less than $40K,Blue,32,3,6,4,1878.192505373785,0,1878.192505373785,1.3020045570982164,2086,30,0.5729039110306264,0.29427298327910606
1209,68,M,1,Graduate,Married,$80K - $120K,Blue,28,4,3,6,1438.3,683,755.3,0.08188653992576456,6319,89,0.3836232583722664,0.3004553993997644
1210,64,F,5,Unknown,Single,$120K +,Blue,38,3,6,6,6731.114644673747,2039,4692.114644673747,0.0,4406,58,2.8862656982020978,0.10526988957613537
1211,57,M,0,Graduate,Single,$40K - $60K,Blue,38,3,2,2,24341.08209357193,0,24341.08209357193,1.423014833154062,1677,37,0.0,0.0
1212,38,M,1,Graduate,Single,$80K - $120K,Silver,41,6,3,3,8463.193003142074,1490,6973.193003142074,0.0,2840,62,0.0864147375627955,0.2814732350609175
1213,39,F,4,Graduate,Single,$40K - $60K,Blue,31,3,6,0,2190.997996913078,24,2166.997996913078,0.0,1578,49,0.5565103136486975,0.47029360089457173
1214,48,F,3,Unknown,Married,$80K - $120K,Blue,33,4,2,2,1438.3,1253,185.29999999999995,0.29914880084256634,2851,60,0.6731495360212594,0.4965681897553075
1215,36,M,4,Uneducated,Married,Less than $40K,Blue,35,3,0,4,8448.10131492795,715,7733.10131492795,0.0,5443,51,0.0,0.0
1216,55,F,3,Graduate,Single,$80K - $120K,Blue,43,5,0,3,1438.3,2517,3.0,0.0,8603,139,3.053116452122234,0.19550889314171627
1217,42,F,3,Uneducated,Unknown,$80K - $120K,Blue,35,3,0,5,18373.425758696823,290,18083.425758696823,3.0542451805301747,8831,116,0.10654348261095148,0.44275795589190214
1218,62,F,2,High School,Married,$40K - $60K,Blue,39,3,4,6,6367.61535810543,871,5496.61535810543,0.8026784226992209,5523,89,1.410259805255491,0.5595232272748644
1219,32,M,2,Graduate,Married,Less than $40K,Blue,33,1,2,3,18018.1750724436,901,17117.1750724436,0.0,5056,72,0.11124802890806335,0.0
1220,37,F,4,Graduate,Married,Less than $40K,Blue,20,1,4,2,10783.45373865446,1384,9399.45373865446,1.2067395207921725,4773,70,0.0,0.56514666920383
1221,42,F,2,Graduate,Single,$80K - $120K,Blue,40,3,3,3,4084.39109406456,1330,2754.39109406456,0.14093059484288983,3782,58,0.43270020230462425,0.0
1222,40,F,2,High School,Married,$40K - $60K,Blue,42,3,3,1,9117.007729395684,722,8395.007729395684,0.0,3366,63,0.0,0.02114494726638816
1223,55,F,4,Graduate,Single,$60K - $80K,Blue,39,4,2,2,1438.3,824,614.3,1.4393738244812577,4022,60,0.0,0.0
1224,50,F,0,Unknown,Single,Less than $40K,Blue,45,2,5,5,19094.39916245214,1059,18035.39916245214,0.30854410699668716,3840,72,0.0,0.0
1225,34,M,4,High School,Married,Less than $40K,Blue,43,1,2,3,1438.3,1300,138.29999999999995,0.0,1765,36,0.3929520909177995,0.0
1226,53,M,4,College,Married,$80K - $120K,Blue,26,4,2,0,5430.337448085528,1324,4106.337448085528,0.0,2473,35,1.7621729234429235,0.0
1227,44,M,2,Graduate,Divorced,Less than $40K,Blue,42,5,2,3,17992.370313125597,1530,16462.370313125597,0.37581004324143047,5442,62,0.0,0.0
1228,42,M,3,Graduate,Single,$80K - $120K,Blue,27,4,1,4,4490.100920700669,196,4294.100920700669,1.7125052045810407,4031,57,0.027470097543087824,0.14346063768301665
1229,51,F,1,Uneducated,Single,Less than $40K,Blue,44,3,3,0,1438.3,1042,396.29999999999995,0.04069513523616586,6509,90,1.1682404338099046,0.0
1230,27,M,5,Graduate,Single,$40K - $60K,Blue,32,5,0,3,16775.370169174228,222,16553.370169174228,1.5801319307245136,5860,106,0.0,0.025868490960253787
1231,39,M,1,High School,Divorced,$60K - $80K,Blue,34,3,2,3,1438.3,670,768.3,0.0,3305,49,2.329799388353017,0.0
1232,50,F,3,College,Married,Less than $40K,Blue,31,4,0,5,6680.396284046289,0,6680.396284046289,0.49288385483032926,1455,21,0.0,0.23479783834694878
1233,51,F,4,High School,Married,Less than $40K,Blue,48,1,0,0,22130.51703736683,0,22130.51703736683,0.4646277477843612,6361,81,1.76709956871691,0.16684212972009105
1234,61,F,2,Graduate,Married,$60K - $80K,Blue,40,5,5,6,1438.3,0,1438.3,0.0,701,10,0.14421209214663905,0.2978500440381854
1235,48,F,0,High School,Single,$80K - $120K,Blue,42,6,0,3,1438.3,13,1425.3,2.709760586823892,683,10,1.0470447699446235,0.01844660440619128
1236,42,M,2,Graduate,Married,$80K - $120K,Blue,53,2,0,4,19546.056292040055,0,19546.056292040055,1.604188490167556,5516,68,0.03368514581692317,0.41745285230177354
1237,47,F,2,Graduate,Divorced,$40K - $60K,Blue,38,1,6,2,11156.035623532996,1557,9599.035623532996,1.0916883882404056,2610,34,0.9162217659736827,0.4670258845060654
1238,37,F,0,High School,Married,Unknown,Blue,38,3,2,3,10096.03868179436,395,9701.03868179436,0.4470600939139068,5893,91,1.0277576365765697,0.5025025126839376
1239,44,F,3,High School,Single,Less than $40K,Gold,26,4,1,1,12125.92200127168,117,12008.92200127168,0.0,1330,18,0.3728814504152058,0.6793240199307911
1240,55,M,5,High School,Single,$60K - $80K,Blue,34,3,1,1,20036.088610419596,524,19512.088610419596,1.5640489877769892,4604,55,0.0,0.33270008651226823
1241,36,M,2,Uneducated,Unknown,$60K - $80K,Blue,30,4,4,2,1438.3,2517,3.0,2.3109077438767365,3734,48,0.7682926479087584,0.47466310770833753
1242,60,M,2,High School,Single,$80K - $120K,Blue,28,3,3,2,2094.725534853139,2269,3.0,1.106702626214857,1723,25,0.2560113770193843,0.0
1243,52,F,4,Graduate,Married,$40K - $60K,Blue,35,2,1,6,2568.934245436397,1553,1015.9342454363968,1.0247707229681495,3831,62,1.6230463066560805,0.6037010304091921
1244,54,F,5,College,Unknown,$60K - $80K,Blue,37,3,5,4,1438.3,261,1177.3,1.9981582554985207,1243,27,0.5096081935009726,0.1578231114961563
1245,31,F,4,Uneducated,Single,Less than $40K,Blue,47,4,2,6,1438.3,1639,3.0,0.93461271747072,1799,30,0.0,0.25078507398879635
1246,47,F,3,Graduate,Single,$40K - $60K,Blue,36,2,4,2,13629.552422562021,1682,11947.552422562021,0.8533520661399051,5887,57,1.1357129182851124,0.3440497631644829
1247,55,F,4,Uneducated,Unknown,$40K - $60K,Blue,28,3,1,3,11809.131654201818,0,11809.131654201818,0.23267375782967714,5484,87,2.116815977179302,0.8364987536064145
1248,50,M,4,Uneducated,Single,$60K - $80K,Blue,28,5,0,4,30443.854727830632,1909,28534.854727830632,1.420502279660041,6771,89,1.468567188188426,0.4207940673598064
1249,46,M,5,High School,Single,$60K - $80K,Blue,32,2,3,0,4002.5479100303864,255,3747.5479100303864,0.4905441903084963,4115,59,2.542404896160962,0.7551901102342226
1250,35,F,0,Uneducated,Single,$80K - $120K,Blue,48,6,4,3,1952.6010461833885,0,1952.6010461833885,0.0,4700,62,0.0,0.0
1251,55,F,4,High School,Married,$60K - $80K,Blue,41,6,3,3,14713.174717586167,80,14633.174717586167,0.6725547619741208,1807,31,3.187555069103383,0.0
1252,32,M,5,Graduate,Married,Less than $40K,Blue,30,5,4,4,5626.891685302313,568,5058.891685302313,0.0,5703,73,1.2979833694111855,0.2403929535975789
1253,52,F,1,Graduate,Single,Less than $40K,Blue,31,1,4,2,18561.949485578818,0,18561.949485578818,1.5981895976718328,2759,67,0.017957023453064047,0.0
1254,36,M,2,Post-Graduate,Single,$80K - $120K,Blue,36,5,3,3,18092.24603531541,2375,15717.24603531541,0.8260081560612036,2592,55,0.17181503213415683,0.7628274248887521
1255,48,F,1,Graduate,Single,Less than $40K,Blue,36,4,2,1,1438.3,1810,3.0,1.3129403438248104,9337,116,0.0,0.14684155022028234
1256,54,M,5,High School,Single,Less than $40K,Blue,27,6,3,3,1438.3,828,610.3,1.5798772897191666,6038,94,1.5581640621986077,0.018509853376795976
1257,56,M,1,College,Married,Unknown,Blue,13,3,4,4,1438.3,686,752.3,0.0,5791,75,0.5422126481826849,0.0
1258,29,F,2,Graduate,Single,Unknown,Silver,14,2,4,2,13024.042114706066,0,13024.042114706066,0.3261734972374042,3586,50,1.0390840055145556,0.0
1259,40,F,5,High School,Married,$80K - $120K,Blue,21,4,2,1,12993.41578978537,328,12665.41578978537,0.14858089831274868,9445,126,1.4165844580507296,0.0
1260,44,F,2,Uneducated,Married,Unknown,Blue,27,2,3,0,6406.6814870701855,271,6135.6814870701855,1.6320172051500577,3422,45,0.0,0.0
1261,64,M,1,High School,Married,$60K - $80K,Blue,48,3,3,1,23282.34488341865,0,23282.34488341865,0.13391971044316275,2136,38,2.214216020268073,0.46732466225541797
1262,52,F,4,Graduate,Single,$120K +,Blue,51,3,3,3,1438.3,753,685.3,0.0,3991,55,0.0,0.41179697984005814
1263,47,M,0,College,Married,Unknown,Blue,35,2,2,5,1438.3,1626,3.0,0.6464775753625862,2632,33,0.8040903003680423,0.0
1264,51,M,3,High School,Married,Less than $40K,Blue,35,6,1,3,1438.3,1049,389.29999999999995,2.1897388806802605,10132,139,0.1580279064689899,0.0
1265,50,M,2,High School,Divorced,$40K - $60K,Blue,43,3,0,5,1438.3,1028,410.29999999999995,2.2447139866730375,5790,62,0.0,0.5464371275585831
1266,38,M,4,Uneducated,Married,Less than $40K,Blue,44,4,3,5,14254.02345016516,0,14254.02345016516,0.0,8947,107,0.4957254898672099,0.8288884828752536
1267,40,F,5,Uneducated,Married,$60K - $80K,Blue,26,4,0,6,17232.730345681375,0,17232.730345681375,0.27619099861116075,4009,69,1.5590056559615089,0.4054209778021627
1268,44,F,0,Uneducated,Married,$40K - $60K,Blue,44,3,1,6,13873.964677778924,669,13204.964677778924,0.17527088699499205,1827,28,0.1983089635940598,0.21386579614310247
1269,31,F,2,High School,Married,$80K - $120K,Blue,45,3,3,6,1438.3,0,1438.3,1.5242415327426584,2496,46,0.0,0.0
1270,52,M,5,Graduate,Married,$40K - $60K,Blue,18,5,4,4,5379.857649793148,1847,3532.857649793148,0.0,4559,56,0.0,0.2831768251555127
1271,52,M,2,High School,Single,$60K - $80K,Blue,40,6,1,1,7674.715548539494,0,7674.715548539494,0.0,5331,71,2.1319631335139246,0.0
1272,49,M,3,High School,Single,Less than $40K,Blue,43,5,5,4,17121.02959151402,196,16925.02959151402,0.9351538245080828,6474,90,1.3479778862671061,0.0
1273,47,F,0,Unknown,Married,$120K +,Blue,40,4,2,3,9453.131643475055,1266,8187.131643475055,0.0,4224,59,0.40425998890157916,0.0
1274,42,M,0,Graduate,Married,$40K - $60K,Blue,40,2,2,4,7082.452389392823,1570,5512.452389392823,2.3360475040158617,4987,77,0.0,0.0
1275,53,F,1,High School,Married,Less than $40K,Blue,26,3,2,4,7860.509313267378,0,7860.509313267378,0.0,3741,53,3.0205580979504094,0.749462242196917
1276,44,F,1,Graduate,Single,Unknown,Blue,26,4,3,0,9367.724454246409,620,8747.724454246409,0.37645601588172034,3059,42,0.19085910530112993,0.21575182862915387
1277,44,M,1,Post-Graduate,Divorced,$60K - $80K,Blue,22,2,4,5,12002.26244585127,698,11304.26244585127,2.2089038374518926,4378,63,0.0,0.4913159331611501
1278,42,F,3,Unknown,Single,$80K - $120K,Blue,38,3,1,5,9909.432846695996,781,9128.432846695996,1.3206452066310008,2311,42,2.183310960936008,0.36884932479921906
1279,48,F,3,College,Married,Less than $40K,Blue,47,4,1,6,6303.538913620736,0,6303.538913620736,0.6334305621271352,3266,36,0.06368509599730499,0.32406553525744086
1280,43,F,3,Uneducated,Married,Less than $40K,Blue,45,3,4,3,10423.924600109482,1112,9311.924600109482,1.326265584297843,3848,52,0.021125248952632236,0.2624388609120737
1281,55,F,0,College,Married,Unknown,Blue,24,5,1,1,4386.714882093494,607,3779.7148820934945,1.0331187218476399,859,11,2.0675306029104763,0.14600712039593877
1282,63,M,5,Graduate,Divorced,$40K - $60K,Blue,30,4,1,5,1438.3,561,877.3,1.2726946725621606,2737,62,2.190684828733296,0.0
1283,43,M,2,Graduate,Married,$40K - $60K,Blue,49,4,2,0,1438.3,0,1438.3,0.4750867426437999,5800,72,0.0,0.36018820328730566
1284,52,F,3,Doctorate,Single,Less than $40K,Blue,32,5,0,3,13091.306548258191,1683,11408.306548258191,0.5069849354884788,3981,51,0.0,0.0
1285,42,F,2,Uneducated,Divorced,$120K +,Blue,26,4,0,3,18463.749364561605,625,17838.749364561605,0.45995674079532345,2882,58,0.0,0.0
1286,53,F,0,Uneducated,Married,$120K +,Blue,51,5,0,5,1806.9134381421572,915,891.9134381421572,1.0230676225244506,7906,93,0.0,0.035133765955332574
1287,34,M,2,High School,Single,$60K - $80K,Blue,27,3,0,5,1438.3,586,852.3,0.0,1617,26,0.7591852319951453,0.8195510441300653
1288,51,M,2,Graduate,Divorced,$80K - $120K,Blue,27,6,0,0,16851.550471656854,891,15960.550471656854,0.5501260826795895,3266,39,1.7534566434813184,0.3234788044387368
1289,43,M,3,High School,Married,Unknown,Blue,54,4,3,3,4886.511735164855,2517,2369.511735164855,0.6926644822507741,6046,74,1.6243375690676745,0.0
1290,59,M,0,Uneducated,Divorced,Unknown,Blue,36,5,6,1,4217.166667199238,1477,2740.166667199238,1.40343456759802,1913,27,1.7664113553657748,0.11132148893109939
1291,31,F,4,Unknown,Single,$40K - $60K,Blue,43,3,4,3,10686.539599548705,0,10686.539599548705,0.0,4847,71,0.0,0.48676098012109775
1292,45,M,4,Post-Graduate,Married,Less than $40K,Blue,38,1,1,2,20995.29005291289,1004,19991.29005291289,0.8931302243299027,1206,23,0.0,0.0
1293,47,F,2,Unknown,Married,Less than $40K,Blue,40,2,0,0,9299.672796980765,1229,8070.672796980765,1.6053085502950917,2176,37,1.7041826669980442,0.0
1294,53,M,0,High School,Divorced,$40K - $60K,Blue,41,3,5,6,17262.588524619583,0,17262.588524619583,0.9953220385614874,4706,73,1.3117771223783403,0.21341561426591338
1295,33,M,1,Unknown,Married,$60K - $80K,Blue,24,3,5,2,1438.3,0,1438.3,0.8274292041904525,6326,84,0.9818315037629664,0.5893353913319644
1296,51,M,5,Graduate,Married,Less than $40K,Blue,30,3,2,4,16695.85012922132,0,16695.85012922132,0.0,5907,99,1.9877201091751635,0.5148576190078957
1297,45,M,0,Unknown,Married,$120K +,Blue,39,2,1,6,18354.04754586747,0,18354.04754586747,0.49665843794469544,9629,122,0.0,0.07203859482479222
1298,46,M,0,Graduate,Married,Less than $40K,Blue,31,3,0,6,1438.3,0,1438.3,0.681797658949017,4725,67,0.0,0.0
1299,57,M,2,High School,Married,Less than $40K,Blue,28,5,3,3,4112.47702798653,201,3911.4770279865297,0.0,5421,91,0.0,0.0
1300,48,F,2,Unknown,Married,$120K +,Blue,29,6,0,3,1438.3,0,1438.3,1.2046554166368781,2661,46,1.1800460408115647,0.08851477497425654
1301,43,F,4,High School,Single,Less than $40K,Blue,23,3,3,6,9728.965290496168,505,9223.965290496168,1.9692553325895927,2203,43,1.7026818636065508,0.0
1302,30,M,3,Graduate,Single,$80K - $120K,Blue,35,6,1,5,6697.953536762145,395,6302.953536762145,1.603628397716714,7346,83,0.1456827912914947,0.2238325461808356
1303,43,F,3,High School,Single,$40K - $60K,Silver,29,1,6,0,15946.531314014395,828,15118.531314014395,2.2387849404229723,2809,68,1.0223735207893592,0.6118715477601355
1304,49,F,0,Graduate,Divorced,$60K - $80K,Blue,31,2,2,6,5839.507238987304,2318,3521.507238987304,2.2152160883258736,2789,46,1.7458431030816288,0.0
1305,35,M,1,High School,Married,Less than $40K,Blue,40,5,2,2,4642.235097023409,1085,3557.2350970234093,1.1911255699232983,3886,63,0.3069484684289684,0.6468115339462335
1306,38,M,2,High School,Unknown,$80K - $120K,Blue,36,3,2,1,14424.396190345451,31,14393.396190345451,0.8057328882289696,3902,43,0.8961398524838549,0.0
1307,31,F,2,Uneducated,Single,$80K - $120K,Blue,36,1,1,5,24557.946750755345,0,24557.946750755345,1.4836504047305454,2441,38,0.4240044191247283,0.0
1308,48,M,4,Graduate,Married,Unknown,Blue,38,4,1,3,8686.229284737828,1395,7291.2292847378285,0.0,2854,49,0.0,0.4188925610223963
1309,52,M,1,High School,Married,$80K - $120K,Blue,27,5,3,0,24444.052410209682,990,23454.052410209682,1.0944094380275151,4958,59,0.0,0.014438547939287338
1310,39,F,2,Graduate,Married,Less than $40K,Blue,22,2,1,2,9768.644543299371,1793,7975.644543299371,0.29860215449392213,3820,43,1.1712775578020105,0.13227655415780137
1311,43,F,4,Unknown,Divorced,Unknown,Blue,29,4,1,1,17802.97976114342,0,17802.97976114342,0.0,2897,56,1.371431785131789,0.0
1312,46,M,3,Graduate,Single,$40K - $60K,Blue,33,4,2,4,9865.623307545533,2517,7348.623307545533,1.323040398173426,5777,77,1.7916345591134282,0.0
1313,46,F,1,High School,Single,$60K - $80K,Blue,36,5,4,4,7469.710615414343,2517,4952.710615414343,0.0,4224,66,0.0,0.0
1314,46,M,2,Uneducated,Single,Unknown,Blue,27,6,1,3,1438.3,237,1201.3,1.0445471663221166,510,10,0.269723685623368,0.3138403276218671
1315,38,M,2,Graduate,Married,$60K - $80K,Blue,20,3,4,0,15188.164146220284,93,15095.164146220284,0.0,6861,94,0.7401000658220911,0.0
1316,51,F,2,Graduate,Married,Unknown,Blue,40,5,4,3,4584.266193039855,1785,2799.2661930398554,2.003011299239484,5336,77,0.19594580221435798,0.0
1317,54,M,3,Graduate,Married,Less than $40K,Blue,35,5,6,3,16025.637217767693,999,15026.637217767693,0.0,3188,45,2.2884373313592703,0.0
1318,55,M,3,Graduate,Married,$60K - $80K,Blue,39,1,2,3,1438.3,1021,417.29999999999995,0.9995961654397911,4705,55,0.6312278299551024,0.0
1319,51,M,3,Graduate,Single,Unknown,Blue,34,5,2,6,4331.768935665177,776,3555.768935665177,0.15076796394456016,4361,81,0.0,0.12247792381296244
1320,40,F,4,Graduate,Married,Unknown,Blue,40,4,3,0,18924.85511887865,1338,17586.85511887865,0.0,3879,57,0.19526827442257383,0.0
1321,57,M,5,High School,Single,$40K - $60K,Blue,32,3,0,6,3642.229393549329,2517,1125.229393549329,0.0,741,11,0.0,0.19663865353968413
1322,56,M,4,College,Single,Less than $40K,Blue,35,3,6,3,22067.05439734924,305,21762.05439734924,1.586704875184692,6123,88,0.3111431999134026,0.11691225887351395
1323,61,F,2,Graduate,Unknown,$60K - $80K,Blue,45,4,3,6,12898.602773300916,0,12898.602773300916,0.1402805979885018,4770,89,1.5089755759859735,0.0
1324,37,F,2,College,Married,Less than $40K,Silver,43,4,6,6,27019.011825442823,1764,25255.011825442823,1.0492198253224143,4871,73,1.8628373862314445,0.0
1325,59,F,0,Graduate,Married,$40K - $60K,Blue,39,6,4,5,11414.087969175145,797,10617.087969175145,0.8032979204817402,1629,33,0.0,0.0
1326,52,M,3,Post-Graduate,Single,Less than $40K,Blue,36,2,4,0,8258.166363174354,105,8153.166363174354,0.23302503088789328,4230,51,0.0,0.0
1327,53,M,0,Graduate,Married,$80K - $120K,Blue,30,6,0,0,9344.257100768633,613,8731.257100768633,1.3232502957180592,2729,45,0.0,0.0
1328,50,F,3,Graduate,Single,$80K - $120K,Blue,29,6,1,4,1438.3,1095,343.29999999999995,0.8571703565428289,2668,32,1.3943001098760175,0.7138379599696454
1329,58,F,0,High School,Married,$60K - $80K,Blue,22,2,3,3,1438.3,1549,3.0,1.485284879778765,4290,59,0.7287949664155275,0.0
1330,45,F,5,High School,Married,Less than $40K,Blue,32,4,2,2,1438.3,0,1438.3,0.8379592340360418,3331,45,0.8704367080339442,0.9741246647265008
1331,45,F,3,Doctorate,Married,$80K - $120K,Blue,33,4,0,5,1438.3,415,1023.3,0.787933853120718,9756,137,1.5917232549561335,0.738580161103845
1332,43,M,0,Graduate,Single,$40K - $60K,Blue,41,3,1,6,1438.3,1833,3.0,1.0541431825490504,3027,44,0.0,0.5177748576208693
1333,48,M,1,College,Single,Less than $40K,Blue,33,4,0,3,3371.965337894352,1237,2134.965337894352,3.2978424255114227,5593,73,0.2619245104964389,0.20372023239151382
1334,41,F,2,Graduate,Married,$40K - $60K,Blue,39,1,0,0,6972.6934975744,242,6730.6934975744,1.3052079213822114,3055,34,2.4537443418974174,0.7879167402104231
1335,53,F,3,Graduate,Divorced,Unknown,Blue,36,3,3,2,1438.3,0,1438.3,0.4746621441157097,4322,75,2.030395618221362,0.0
1336,39,F,5,Unknown,Married,Less than $40K,Blue,49,6,6,0,2721.234091186093,804,1917.2340911860929,1.5242149100855347,4002,40,0.0,0.0
1337,60,M,0,High School,Unknown,Less than $40K,Blue,25,3,3,3,4125.215902476019,1094,3031.2159024760194,1.300298939340688,2344,36,0.0,0.6961684839580523
1338,38,M,2,Unknown,Married,Less than $40K,Blue,40,1,0,2,20163.321890732535,0,20163.321890732535,1.1768717236744994,2318,27,1.9539329782923152,0.4209123235848081
1339,55,F,0,Uneducated,Unknown,$60K - $80K,Blue,39,2,4,0,14081.055794575606,133,13948.055794575606,1.0191242758424437,4014,48,1.4129386996800342,0.8263596726602352
1340,54,F,2,Graduate,Married,Unknown,Blue,52,4,5,2,30727.376895042205,710,30017.376895042205,0.0,6893,101,0.9319190401843545,0.0
1341,55,F,1,High School,Married,$40K - $60K,Blue,29,3,3,0,1438.3,1224,214.29999999999995,0.2941633783153045,1121,19,0.0,0.0
1342,37,F,3,Graduate,Married,Less than $40K,Blue,47,5,3,2,8445.183766348098,1121,7324.183766348098,1.0251389804065218,4771,65,2.8243049740906465,0.34727874338566056
1343,45,F,2,Doctorate,Single,$80K - $120K,Blue,29,6,2,2,16466.636319346646,374,16092.636319346646,0.06511323000945757,4974,83,0.0,0.11024668301862922
1344,51,F,3,Graduate,Single,$120K +,Blue,39,2,4,4,14236.50242586197,1819,12417.50242586197,0.0,4742,62,1.0542519347590935,0.13189083150852748
1345,51,M,3,High School,Married,$80K - $120K,Blue,16,4,4,5,2730.9980228989625,2487,243.99802289896252,0.45257244473849556,2902,45,1.6035283426642701,0.0
1346,55,M,2,High School,Married,Less than $40K,Blue,46,3,6,1,1438.3,2517,3.0,2.3805799661091402,2074,36,0.0,0.0
1347,48,M,4,Uneducated,Married,$80K - $120K,Blue,44,4,0,6,2494.541413171426,240,2254.541413171426,1.0289513280189522,1190,32,0.0,0.0
1348,45,F,2,Graduate,Single,Unknown,Blue,20,2,5,3,22290.087738011473,856,21434.087738011473,2.0431151978590365,3670,41,0.47252061833309705,0.31392226244933136
1349,28,M,2,College,Married,Less than $40K,Blue,28,3,2,2,1438.3,914,524.3,2.9894029879709345,2773,35,0.0,0.0
1350,48,F,4,High School,Single,Less than $40K,Blue,47,4,0,1,13398.378235544906,1003,12395.378235544906,0.0,4571,56,0.0,0.15859025847501193
1351,32,F,2,Unknown,Single,$80K - $120K,Blue,32,4,4,2,4497.575034337225,1097,3400.5750343372247,0.0,1172,22,0.0,0.25300901980884205
1352,44,M,1,High School,Single,Less than $40K,Blue,31,2,0,4,1438.3,978,460.29999999999995,1.3310708810184466,6212,67,1.8936350802001845,0.3427838995692303
1353,45,F,0,Post-Graduate,Single,Less than $40K,Blue,27,2,3,3,1438.3,1522,3.0,1.6967958374069065,5570,108,1.6122400447276442,0.0
1354,62,M,1,Post-Graduate,Divorced,Unknown,Blue,27,4,4,0,28392.098906016792,44,28348.098906016792,0.0,3901,58,0.41502106459717913,0.12091479941661723
1355,41,F,0,Unknown,Married,$60K - $80K,Blue,42,5,1,3,4311.358053149028,664,3647.358053149028,2.108426587709242,4871,69,0.0,0.0
1356,63,F,2,College,Married,Less than $40K,Blue,34,2,4,0,18787.19328663007,1119,17668.19328663007,0.0,4397,56,0.6977739378625529,0.5392229671952168
1357,46,F,5,Uneducated,Single,Less than $40K,Blue,22,5,6,5,3415.553240389165,915,2500.553240389165,0.8602548137414691,799,10,1.6785399963155525,0.3779708119512487
1358,50,M,2,College,Married,$80K - $120K,Blue,32,4,3,3,16554.780785584575,909,15645.780785584575,0.929757487707235,4208,51,0.3772543979307864,0.6100783815820994
1359,57,M,3,Unknown,Married,$120K +,Blue,34,3,2,3,8120.130277355505,0,8120.130277355505,2.081792601617165,4048,59,0.13379839932170157,0.12373807549366464
1360,55,M,1,Post-Graduate,Married,Less than $40K,Blue,13,4,4,2,23821.883806928498,1270,22551.883806928498,0.0,3188,53,2.9637522616078567,0.01727515883961034
1361,50,F,0,Graduate,Unknown,$60K - $80K,Blue,35,3,3,4,18923.22606222186,2137,16786.22606222186,0.005845754022793748,5507,73,0.000142302974712738,0.4994826955481095
1362,53,F,2,High School,Single,$40K - $60K,Blue,29,3,4,5,20015.93600439414,906,19109.93600439414,0.0,3134,52,1.3877512303143373,0.08852696624943258
1363,45,F,0,Uneducated,Married,$40K - $60K,Blue,28,4,2,2,1438.3,86,1352.3,0.0,5849,92,0.0,0.1467091443407759
1364,39,M,0,High School,Married,$60K - $80K,Silver,45,1,2,1,16924.48681159583,1237,15687.48681159583,0.6806067711987062,787,12,0.0,0.19309382623218457
1365,52,F,2,High School,Single,$80K - $120K,Blue,30,3,2,2,3338.994706266414,1412,1926.9947062664141,0.8713625177225408,5933,83,0.22287714445899703,0.2718930511665604
1366,38,F,2,Graduate,Unknown,Less than $40K,Blue,37,4,6,6,24437.672240548058,1780,22657.672240548058,0.8108775325862185,4904,65,0.0,0.3211187497313418
1367,53,M,3,Graduate,Married,$80K - $120K,Blue,56,2,2,0,5063.628124116989,0,5063.628124116989,0.576398426310864,3326,59,0.0,0.3586063977931922
1368,49,M,2,Doctorate,Single,$40K - $60K,Blue,43,3,4,1,20327.88732683858,225,20102.88732683858,0.9830350885408337,1588,26,1.4498297936011229,0.08768196063710308
1369,53,F,3,College,Married,Unknown,Blue,36,5,4,6,6118.87553790679,1062,5056.87553790679,1.5863687254827858,3036,55,0.0,0.38492833670555826
1370,62,F,2,Unknown,Divorced,$80K - $120K,Blue,36,1,4,3,21785.848902714715,1182,20603.848902714715,0.0,6363,92,0.0,0.8729965836457081
1371,58,F,0,Graduate,Married,Less than $40K,Blue,35,4,0,6,2984.2099394323986,623,2361.2099394323986,0.0,2729,48,0.0,0.14036576674747742
1372,43,F,0,High School,Single,$40K - $60K,Blue,39,2,1,2,4447.813856838515,0,4447.813856838515,0.0,3739,67,0.24600108154841016,0.0
1373,62,F,1,Graduate,Single,$80K - $120K,Blue,48,4,3,3,14210.062405928114,358,13852.062405928114,1.268302461539494,1916,27,0.4657676049268453,0.0
1374,50,M,5,High School,Married,$40K - $60K,Blue,39,2,6,5,10118.660615275505,340,9778.660615275505,0.0,4240,42,0.0,0.4335167279448393
1375,55,M,3,Graduate,Single,$40K - $60K,Blue,26,4,4,1,3930.502716664745,2277,1653.502716664745,1.1627011781450043,715,10,1.16046596037434,0.9480773217922378
1376,39,M,3,High School,Single,Less than $40K,Blue,36,4,2,3,10097.336784376766,0,10097.336784376766,0.6064154177315818,901,10,1.5551264954176056,0.036491427894038767
1377,50,F,1,Graduate,Single,$40K - $60K,Blue,32,3,0,5,27533.46329878134,185,27348.46329878134,0.0,3015,71,0.3784938906359671,0.0
1378,42,F,3,Uneducated,Married,$40K - $60K,Blue,41,2,1,0,1438.3,350,1088.3,0.4570654912683251,845,10,0.7147271925062788,0.15205328010047878
1379,28,F,4,Graduate,Unknown,Less than $40K,Blue,24,5,5,2,1438.3,1568,3.0,0.0,3203,58,0.0,0.2068087824622688
1380,51,M,1,High School,Single,Less than $40K,Blue,38,4,1,6,17705.183263558854,0,17705.183263558854,1.1731441481927014,2203,37,0.0,0.17352222293894132
1381,51,F,1,Graduate,Single,$40K - $60K,Blue,56,4,0,0,4259.535704327155,2405,1854.5357043271551,1.9874814032153632,3753,43,0.19814591575102192,0.9215230123505898
1382,26,F,4,Graduate,Married,$80K - $120K,Blue,33,2,6,2,23835.80601776119,748,23087.80601776119,0.21414499912507035,1055,18,0.8258468582968058,0.0
1383,50,M,4,Graduate,Single,$80K - $120K,Blue,51,3,2,6,8637.914892688292,0,8637.914892688292,1.7142309165668612,665,10,0.5420104106587833,0.0
1384,26,F,0,Graduate,Married,$80K - $120K,Blue,42,3,4,3,1438.3,597,841.3,0.0,5082,51,1.897327218347141,0.0
1385,43,F,1,Unknown,Unknown,$40K - $60K,Blue,31,4,0,5,5040.176063281708,1511,3529.1760632817077,0.9785231080038828,2507,40,0.07376455270033233,0.09778204295730697
1386,50,M,2,Post-Graduate,Unknown,$40K - $60K,Blue,32,3,4,1,9962.852751347516,0,9962.852751347516,2.412440090249717,6122,72,2.4817773323451817,0.008144577704810502
1387,42,F,0,Graduate,Married,Less than $40K,Silver,47,4,2,4,7307.317090883566,1561,5746.317090883566,1.8277827581681194,4775,67,0.637597181346031,0.0
1388,39,M,2,Unknown,Married,Less than $40K,Blue,22,5,2,2,21840.83702405257,1021,20819.83702405257,1.2940247037141965,3609,46,0.0,0.0
1389,26,F,2,High School,Unknown,$40K - $60K,Blue,27,1,0,0,8326.583114073723,756,7570.583114073723,1.9365379355687617,2781,39,0.0,0.24520352002009427
1390,27,F,2,Graduate,Married,$60K - $80K,Blue,29,3,4,6,1438.3,1604,3.0,1.504941272682649,3057,43,0.0,0.16260022720545977
1391,46,M,0,Graduate,Single,Unknown,Blue,41,3,3,5,14489.7453441888,681,13808.7453441888,0.0,2045,75,0.0,0.056407085532026904
1392,63,F,4,College,Single,$40K - $60K,Blue,42,3,0,6,20996.49113998394,1781,19215.49113998394,0.0,852,15,1.9197527915968586,0.24898890774425103
1393,51,M,2,Graduate,Single,$40K - $60K,Blue,30,3,1,5,21555.309984746917,439,21116.309984746917,2.836017959967724,6001,81,0.0,0.39280248893196806
1394,46,M,0,Unknown,Married,$40K - $60K,Blue,13,2,6,3,1438.3,2517,3.0,0.24749412449338337,677,10,1.1741200278019361,0.5949616631810406
1395,46,F,3,College,Single,$40K - $60K,Blue,45,5,0,4,1438.3,744,694.3,0.8500464591484261,7353,87,1.4792736028590423,0.0
1396,42,M,1,Unknown,Single,Less than $40K,Blue,27,2,6,0,9347.419204737324,1407,7940.4192047373235,1.361056917541712,1806,25,0.811156822314866,0.0
1397,39,M,3,Graduate,Married,$40K - $60K,Blue,34,1,6,6,1438.3,649,789.3,0.5991629239410128,5255,66,1.4037140144266749,0.0
1398,50,M,4,Graduate,Married,Less than $40K,Blue,35,6,5,2,7786.017503423411,0,7786.017503423411,0.48896175308507495,4967,76,0.0,0.2527033698055322
1399,38,F,0,Graduate,Single,$60K - $80K,Blue,45,4,5,0,9422.327038513848,277,9145.327038513848,0.03205826313734339,3180,63,0.6774255262348179,0.6159551552395097
1400,27,M,1,College,Single,Less than $40K,Blue,42,3,3,3,9860.11806206105,0,9860.11806206105,0.5367061265370043,6502,82,1.12621311300926,0.41636132514867186
1401,36,F,0,High School,Married,$60K - $80K,Blue,42,5,2,3,25726.000712438366,2432,23294.000712438366,0.0,5760,91,2.998085140550505,0.05860271658576294
1402,59,M,2,Graduate,Single,Less than $40K,Blue,36,6,4,3,15747.166703574723,578,15169.166703574723,2.82773144060236,5156,66,0.0,0.43625907473353875
1403,47,F,3,Graduate,Single,$60K - $80K,Blue,23,1,0,4,7436.326981545892,2259,5177.326981545892,2.036581065824602,2943,43,0.5630584712022852,0.7203600268406098
1404,44,M,3,Uneducated,Married,$120K +,Blue,15,3,3,4,5853.412705044844,912,4941.412705044844,1.0864794344078035,8268,86,0.06334706062546441,0.6300180783778497
1405,51,F,5,High School,Married,$60K - $80K,Blue,51,3,6,5,1438.3,0,1438.3,0.7555596860319522,1249,16,0.5624561253252337,0.0
1406,47,F,2,College,Single,$60K - $80K,Blue,39,5,2,3,6437.939910891625,1372,5065.939910891625,0.0,2047,33,0.7945719700512023,0.74447587435305
1407,48,M,5,Graduate,Single,Less than $40K,Blue,28,3,6,4,10001.455635649612,0,10001.455635649612,0.0,6025,87,0.0,0.23291833854454774
1408,50,F,3,Unknown,Married,$80K - $120K,Blue,30,2,4,5,18735.41794749677,399,18336.41794749677,0.16532207175351166,3897,121,0.0,0.0
1409,46,M,1,Uneducated,Single,$60K - $80K,Silver,28,4,5,2,1438.3,50,1388.3,1.3552185135341084,3623,53,0.1288892046090757,0.36844169950071815
1410,39,M,0,Uneducated,Married,$40K - $60K,Blue,28,4,3,1,15944.45944555806,518,15426.45944555806,1.5724089366233749,2083,38,0.01536311937226964,0.29905437855212075
1411,34,F,1,Graduate,Married,$40K - $60K,Blue,29,4,1,4,1438.3,340,1098.3,1.400894887713796,8714,86,0.832803958097932,0.4867026660939149
1412,55,F,5,Graduate,Single,Unknown,Blue,49,3,1,6,26746.523594322945,606,26140.523594322945,2.6202674326080233,5244,83,0.04291178651601435,0.3954159195231691
1413,39,M,5,Uneducated,Single,$80K - $120K,Blue,48,5,4,2,26584.826755415357,519,26065.826755415357,0.9547043440188283,6148,89,0.0,0.11000469360065178
1414,47,F,3,Graduate,Married,Less than $40K,Blue,36,4,1,5,6776.808878546638,0,6776.808878546638,2.4093871330122294,659,10,0.0,0.03922149688812397
1415,50,F,2,College,Single,$80K - $120K,Blue,38,5,3,1,1438.3,348,1090.3,2.3118736396592467,5461,83,0.019993873990211464,0.0
1416,57,F,4,Unknown,Married,$80K - $120K,Blue,31,5,3,1,9560.025391100513,1292,8268.025391100513,0.9912221441039106,5509,72,0.0,0.9133044247245969
1417,54,F,2,High School,Single,Less than $40K,Blue,31,5,6,0,5354.971523803875,611,4743.971523803875,1.2175889086015332,2166,42,0.0,0.0
1418,48,M,0,Unknown,Divorced,$80K - $120K,Blue,26,6,0,2,4406.61446245284,1543,2863.6144624528397,1.1230245220921993,6031,73,1.9595456882651177,0.6300096241233787
1419,59,F,0,Post-Graduate,Married,Unknown,Blue,30,4,0,5,15121.885463561666,1342,13779.885463561666,0.0,4333,61,0.0,0.0
1420,46,M,5,Graduate,Single,$120K +,Blue,38,2,2,2,1438.3,0,1438.3,0.262218259102267,2598,44,0.1806129804200845,0.2044839381145172
1421,52,F,4,Graduate,Married,$40K - $60K,Blue,30,4,1,3,12923.08838800203,1254,11669.08838800203,2.4854834359000906,4232,58,1.7174959394806728,0.24897210833576688
1422,47,M,1,Graduate,Single,Less than $40K,Blue,54,1,3,2,19385.61898045305,171,19214.61898045305,0.14521477301577546,1942,34,0.10631908827121161,0.0
1423,50,M,5,College,Single,$120K +,Blue,20,6,6,2,8522.210543859968,795,7727.210543859968,0.22084646751681453,4203,50,0.4236472718227132,0.026233271850174628
1424,48,F,0,Graduate,Married,$80K - $120K,Blue,27,2,4,0,8383.132846239108,134,8249.132846239108,1.4905831488405465,1790,26,0.5410772751836408,0.4241183506783496
1425,49,M,0,Post-Graduate,Married,$60K - $80K,Blue,29,6,5,6,12444.81061378666,270,12174.81061378666,0.304337725707714,3855,85,0.0,0.0011540688852730852
1426,48,F,4,Post-Graduate,Single,Less than $40K,Blue,46,3,0,6,1771.573238915139,565,1206.573238915139,0.0,5008,79,0.31913402834714066,0.3237658144908194
1427,35,M,3,Uneducated,Married,$120K +,Blue,46,4,3,2,4333.329397026274,0,4333.329397026274,0.0,6875,109,0.6911137245408464,0.0
1428,57,F,4,Uneducated,Married,Unknown,Blue,36,3,0,4,5326.58035614383,774,4552.58035614383,2.958160924703587,6247,82,0.0,0.0
1429,52,M,1,High School,Single,$120K +,Blue,39,4,0,4,11956.625858066225,2334,9622.625858066225,1.5832211865643018,595,10,1.7491659057282054,0.0
1430,56,F,5,High School,Single,$80K - $120K,Silver,36,3,2,1,2378.298980036693,940,1438.2989800366931,0.14085943434653536,3550,57,0.0,0.3713338286834757
1431,46,F,0,Uneducated,Married,Unknown,Blue,36,4,4,3,1797.9809047320232,1558,239.9809047320232,0.0,3964,53,1.4600720429190392,0.0
1432,35,F,0,Graduate,Unknown,Less than $40K,Blue,32,3,1,2,17269.95104648832,858,16411.95104648832,0.0,2136,45,0.0,0.0
1433,46,M,0,High School,Married,Unknown,Gold,37,3,5,3,6887.581447971988,1152,5735.581447971988,0.0,9089,108,1.7290870110488004,0.0
1434,61,F,1,College,Divorced,$120K +,Blue,17,1,0,3,6611.486206378746,654,5957.486206378746,1.1652879545198978,5717,54,1.4814657572930694,0.2067244218514079
1435,39,F,1,Uneducated,Unknown,$60K - $80K,Blue,34,3,4,1,2256.8023638219565,868,1388.8023638219565,1.2827999068964215,713,12,1.022882923172321,0.08067633996776982
1436,36,F,1,Graduate,Single,$120K +,Blue,30,6,5,2,1438.3,610,828.3,1.8317649620042011,1365,24,2.2601856007569476,0.29838014914690464
1437,56,F,2,College,Married,$80K - $120K,Blue,28,5,0,6,18864.182040151743,1054,17810.182040151743,1.1992773706550566,4207,107,0.15979545654653443,0.4775521210476559
1438,56,M,1,Uneducated,Married,Less than $40K,Blue,22,4,5,1,17079.08865653757,61,17018.08865653757,1.25370465439704,4390,60,1.3587344200934965,0.10423522082857183
1439,52,F,4,College,Single,Less than $40K,Blue,47,4,6,2,1438.3,0,1438.3,0.0,2041,28,1.3091670051868123,0.0
1440,53,F,0,High School,Married,$60K - $80K,Blue,41,4,2,4,16036.63309743407,0,16036.63309743407,1.486925446121953,644,10,0.8942946151268378,0.0
1441,49,F,3,Unknown,Single,$80K - $120K,Blue,15,4,5,2,18950.696408724485,0,18950.696408724485,0.0,2311,78,1.2996187716930294,0.0788542456316892
1442,60,F,2,High School,Single,$80K - $120K,Blue,40,3,0,5,1438.3,0,1438.3,0.2039102597596163,6817,105,1.6335783950488678,0.0
1443,41,F,3,Uneducated,Married,Less than $40K,Blue,41,2,0,0,26647.759038751017,1032,25615.759038751017,1.962051533867412,2616,38,0.0,0.5245559350258395
1444,53,M,3,Graduate,Single,$60K - $80K,Blue,29,4,2,6,15698.438303633215,917,14781.438303633215,0.38307625024943626,2935,68,0.2006905594729924,0.0
1445,40,F,3,Graduate,Single,Less than $40K,Blue,13,3,1,2,18816.49342966595,0,18816.49342966595,2.261792798787453,3039,48,0.0,0.6524225952338458
1446,47,M,2,College,Married,$60K - $80K,Blue,34,3,5,4,12258.077371759766,168,12090.077371759766,0.0,6712,85,1.165841165256978,0.0
1447,59,M,4,Unknown,Single,Less than $40K,Blue,34,4,5,4,16931.07435690817,1119,15812.074356908171,0.0,2800,40,2.078648443931751,0.5435150111446592
1448,42,F,3,Doctorate,Married,$60K - $80K,Blue,56,6,2,0,9262.791507698708,176,9086.791507698708,0.0,5785,95,0.0,0.22191594066122505
1449,61,F,1,Uneducated,Married,Unknown,Blue,29,5,0,2,5106.796585103928,516,4590.796585103928,1.7682830443879334,2708,39,0.5250301327408928,0.5579447047212022
1450,41,F,0,Doctorate,Single,$60K - $80K,Blue,42,1,4,5,15820.961281946886,1597,14223.961281946886,0.0,4243,69,0.7497120446271106,0.02144619974215345
1451,42,M,0,High School,Single,$80K - $120K,Blue,42,3,6,1,6441.50898726944,542,5899.50898726944,0.9488850882779578,4836,76,1.3428648680628203,0.1642383738525483
1452,45,F,0,College,Single,$60K - $80K,Blue,30,4,5,5,4002.1402564816945,1549,2453.1402564816945,0.8857544555822652,6441,75,0.45878937095001127,0.18889886005516685
1453,26,F,5,College,Single,$40K - $60K,Blue,27,3,6,5,1438.3,86,1352.3,0.0,5509,75,0.6294774987031679,0.06588374225235377
1454,40,F,3,Graduate,Single,Less than $40K,Blue,48,4,0,1,4717.214488657535,696,4021.214488657535,2.216607539637857,601,10,0.0,0.4703975459664863
1455,52,F,1,Doctorate,Married,Less than $40K,Blue,30,2,3,3,1438.3,1562,3.0,0.7559602225490272,4166,56,0.0,0.4179440237997994
1456,54,F,1,Unknown,Married,Less than $40K,Blue,34,5,0,3,1438.3,620,818.3,1.485831092623614,2383,50,0.3398478915506008,0.408215767553828
1457,40,M,0,High School,Divorced,Unknown,Blue,41,5,4,4,16018.761578549364,1524,14494.761578549364,1.7315733504762325,4964,67,0.0,0.999
1458,41,M,3,College,Married,Less than $40K,Silver,40,3,4,2,7406.300722878388,0,7406.300722878388,1.7640599589768728,6219,62,0.8770983293381145,0.5545854659193812
1459,58,F,0,Post-Graduate,Single,Less than $40K,Blue,44,5,6,2,7799.558929355369,1075,6724.558929355369,0.0,4735,56,0.3512371503725269,0.2641231304067737
1460,50,M,1,Unknown,Married,$120K +,Blue,47,2,3,3,14252.58007984351,986,13266.58007984351,1.1628277328232721,4937,71,3.161698476566598,0.0
1461,60,M,0,Unknown,Single,Less than $40K,Blue,22,3,1,2,1438.3,1989,3.0,1.5718126685820457,4534,102,0.0,0.38762043501080223
1462,49,M,1,Uneducated,Divorced,Less than $40K,Blue,42,3,0,5,13479.770696489653,0,13479.770696489653,0.5704852229825985,1842,39,1.963533624180907,0.1489492410779557
1463,43,F,3,Unknown,Unknown,$40K - $60K,Blue,33,4,3,4,2334.1524731733434,0,2334.1524731733434,0.0,2012,29,0.2674578157977002,0.0
1464,50,M,3,Unknown,Married,$60K - $80K,Blue,35,3,2,6,1438.3,791,647.3,0.0,5852,79,0.0,0.3361699614095825
1465,40,F,0,College,Married,$40K - $60K,Blue,39,3,3,6,17967.665216981266,0,17967.665216981266,0.7571672696208723,4590,76,0.0,0.4051049978033169
1466,42,M,4,College,Divorced,$40K - $60K,Blue,48,3,1,5,1438.3,1432,6.2999999999999545,2.333450685485847,6656,102,2.4790382475752493,0.36594305225688945
1467,43,F,1,High School,Married,Less than $40K,Blue,33,5,3,3,9778.8930898235,0,9778.8930898235,1.1837709109626577,4992,92,0.0,0.39690922223474895
1468,32,M,3,Graduate,Unknown,$60K - $80K,Blue,40,2,6,3,28974.846882796322,0,28974.846882796322,0.0,3265,65,0.9747642839756367,0.5623559378552218
1469,40,M,3,Unknown,Single,Unknown,Blue,37,2,6,1,15694.491895656301,966,14728.491895656301,1.9976210458093417,1317,47,0.0,0.1456817729022385
1470,42,M,0,Post-Graduate,Married,$60K - $80K,Blue,29,5,1,0,1438.3,27,1411.3,0.47436184846314844,8391,132,0.6137612959198008,0.0
1471,57,M,3,Unknown,Married,Less than $40K,Silver,46,5,2,4,17368.04088039537,0,17368.04088039537,0.13834171388807814,908,10,1.0004496631971582,0.0
1472,40,M,1,High School,Single,$60K - $80K,Blue,38,6,4,2,18838.304073519488,939,17899.304073519488,0.0,1441,16,1.4708674815447855,0.8662354741416166
1473,48,F,0,Uneducated,Single,Less than $40K,Blue,49,4,4,2,17874.727856821668,1233,16641.727856821668,0.0,6483,76,0.4540753050035451,0.6966080798333436
1474,33,M,3,Graduate,Single,Less than $40K,Blue,35,1,0,5,9661.967442983907,603,9058.967442983907,0.8774035360601055,3408,53,1.478275675738181,0.10824685708163422
1475,52,M,1,High School,Married,Less than $40K,Blue,28,3,0,2,1438.3,2517,3.0,0.0,5244,64,0.0,0.0
1476,48,F,1,Unknown,Single,$40K - $60K,Blue,56,3,1,5,18518.312410874678,1246,17272.312410874678,0.39208256300308353,2176,36,1.0438017248841058,0.0
1477,63,M,4,Graduate,Married,$120K +,Blue,44,6,2,0,1438.3,938,500.29999999999995,0.07634783812032875,4335,81,0.0,0.459992320652143
1478,53,M,3,Unknown,Single,Less than $40K,Blue,42,1,0,4,5526.047403565936,0,5526.047403565936,1.3522992165795595,1286,26,2.217868904379234,0.3423606876574419
1479,55,F,5,Post-Graduate,Single,Less than $40K,Blue,23,5,3,3,27602.572654690084,911,26691.572654690084,0.0,4245,55,0.0,0.30904238604685313
1480,26,F,5,College,Single,$80K - $120K,Blue,44,3,2,6,11402.610858768388,1590,9812.610858768388,0.0,3841,53,1.2800001483868857,0.6314243120385388
1481,50,M,2,Unknown,Unknown,$60K - $80K,Blue,34,3,4,5,32297.323276315372,0,32297.323276315372,0.0,4791,58,1.2290515486361782,0.12002312655732489
1482,56,M,1,Doctorate,Single,$80K - $120K,Blue,33,4,4,2,8207.714172481177,1083,7124.714172481177,0.8129846055748203,764,10,2.037148563080665,0.6809712673368256
1483,47,M,1,Uneducated,Unknown,Less than $40K,Blue,44,4,2,2,1438.3,1503,3.0,0.0,2283,69,0.7736546486625455,0.0
1484,54,F,5,Graduate,Single,Less than $40K,Silver,45,4,4,6,1438.3,1486,3.0,0.09679811119709636,3424,56,1.2936052083221459,0.27634015907193255
1485,37,F,2,Graduate,Single,Less than $40K,Blue,43,4,5,3,9601.847183806416,503,9098.847183806416,0.0,6255,108,0.7827502196104363,0.0
1486,53,F,4,Graduate,Married,$40K - $60K,Blue,22,4,2,0,1438.3,176,1262.3,1.5894952867808283,1801,39,0.0,0.0
1487,52,F,1,High School,Single,$120K +,Silver,32,3,4,1,2844.6893746328933,5,2839.6893746328933,0.0,2026,38,0.43950766715367773,0.0
1488,51,M,3,High School,Unknown,Less than $40K,Blue,56,1,3,0,5788.566572956595,2085,3703.5665729565953,0.07146876891738119,756,10,1.3923847967382428,0.5877304483105237
1489,52,F,4,High School,Single,$40K - $60K,Blue,49,3,4,2,9000.596507466233,421,8579.596507466233,1.2266775532653533,2955,37,3.3858108554907402,0.0
1490,46,M,1,Post-Graduate,Married,$60K - $80K,Blue,33,3,3,3,10794.142154850273,382,10412.142154850273,0.8995122869926612,8373,105,2.9342385904418324,0.0
1491,43,F,5,Graduate,Single,$80K - $120K,Blue,34,2,2,6,16112.528149250156,1360,14752.528149250156,1.3254372920426283,5322,76,1.7554057724279137,0.34675496426771046
1492,47,F,4,Post-Graduate,Married,Less than $40K,Blue,23,3,2,2,1438.3,210,1228.3,0.06764636695870796,4406,86,0.0,0.42361606988659695
1493,53,M,3,Unknown,Married,Less than $40K,Blue,40,6,4,2,12553.501721066663,303,12250.501721066663,0.8212258786355946,5676,93,1.553592799346266,0.0
1494,42,F,4,High School,Single,$60K - $80K,Blue,45,5,2,2,12631.72780814228,2517,10114.72780814228,0.0,5923,90,0.2399593896151806,0.999
1495,51,F,0,College,Married,$80K - $120K,Blue,46,6,3,6,25167.800208056055,1954,23213.800208056055,2.538235779577364,7966,106,1.694827494138556,0.5044586173534624
1496,59,F,1,Unknown,Single,Less than $40K,Blue,35,4,6,3,1438.3,121,1317.3,1.194652938008928,2589,28,1.4494347315466087,0.1779356964718253
1497,36,M,5,Graduate,Married,Less than $40K,Blue,46,3,0,4,20253.374102070007,635,19618.374102070007,0.0,3454,62,0.0,0.23323521251469104
1498,53,M,5,Doctorate,Single,Less than $40K,Blue,50,4,4,5,1438.3,1862,3.0,1.8353317832854987,3276,53,0.0,0.008763484889438511
1499,63,F,2,Uneducated,Married,$80K - $120K,Blue,40,6,3,4,2424.033011756668,357,2067.033011756668,1.9969039289619117,970,14,0.892324988106073,0.4526783496416624
1500,32,M,3,Post-Graduate,Single,$120K +,Blue,45,4,4,4,15921.010080447979,1245,14676.010080447979,1.8782375897742596,2827,51,0.0,0.3533236228770385
1501,59,F,3,High School,Married,Less than $40K,Blue,54,1,1,4,1438.3,967,471.29999999999995,0.0,3820,55,0.0,0.2662320512800322
1502,43,F,0,Graduate,Married,$80K - $120K,Blue,33,5,2,4,5399.3597051076285,372,5027.3597051076285,0.23114262180234257,4097,68,0.0,0.09732131678406447
1503,50,F,3,Unknown,Divorced,Less than $40K,Blue,43,2,0,1,3297.4068622327404,529,2768.4068622327404,0.45113580789680485,1340,22,2.052138908172091,0.999
1504,46,M,0,High School,Married,Less than $40K,Blue,31,4,2,2,1438.3,51,1387.3,1.2546769356115908,3854,51,0.6412469863826675,0.25541273484568466
1505,36,M,2,College,Single,$60K - $80K,Blue,23,3,4,4,8713.047473059862,0,8713.047473059862,0.0,3520,55,1.6109394196329139,0.5633444629606777
1506,61,M,1,Uneducated,Single,Less than $40K,Blue,34,3,1,5,1438.3,1367,71.29999999999995,0.9483612568917813,2941,39,0.6984442921158518,0.06372948055099498
1507,39,F,1,Unknown,Married,Less than $40K,Blue,37,2,5,6,12137.784506061695,921,11216.784506061695,1.1785321231379307,3971,69,1.0036843460448708,0.0
1508,56,F,1,College,Single,Less than $40K,Blue,28,4,1,5,19290.34449290936,781,18509.34449290936,1.19733024227896,6054,77,0.003551418400919548,0.4857877496414774
1509,44,M,1,Graduate,Married,$40K - $60K,Blue,28,4,5,5,18882.526818651066,1992,16890.526818651066,0.0,15631,130,0.0,0.5098531005422773
1510,52,F,2,Graduate,Married,Less than $40K,Blue,41,2,0,2,1443.7353509722052,52,1391.7353509722052,0.969445005499004,5291,66,0.21758359929487164,0.0
1511,57,M,0,Unknown,Married,$120K +,Blue,47,4,3,2,1438.3,306,1132.3,0.3473270901137782,2483,39,2.3303192736034286,0.17033452535462473
1512,45,M,0,Graduate,Single,$40K - $60K,Blue,41,4,5,0,1438.3,1218,220.29999999999995,1.982433463700212,6499,97,2.071581259752441,0.7606778287867174
1513,48,M,3,Uneducated,Divorced,Less than $40K,Blue,38,2,5,3,1438.3,418,1020.3,0.7957999127342167,7634,83,1.3469053950779384,0.0
1514,53,M,4,Uneducated,Single,$120K +,Blue,36,6,2,2,13838.339402508234,68,13770.339402508234,2.0527254432864215,733,10,0.9893688144547126,0.0
1515,54,M,1,College,Married,$60K - $80K,Blue,44,6,3,2,11221.129076147761,83,11138.129076147761,1.422474090596936,8356,126,0.0,0.0
1516,40,F,3,Uneducated,Single,Unknown,Blue,22,4,0,4,13501.390929035631,1294,12207.390929035631,0.2108927766359185,2936,57,1.2257806775423323,0.0036943710156766146
1517,36,M,3,Graduate,Married,Less than $40K,Blue,38,5,2,3,1438.3,373,1065.3,0.094315955359903,4670,99,0.0,0.0
1518,61,M,2,Graduate,Single,$60K - $80K,Blue,45,1,6,0,1438.3,1064,374.29999999999995,0.468328910166865,4449,53,0.0,0.0
1519,51,F,3,Uneducated,Married,Unknown,Blue,33,4,6,0,1641.7066721248293,787,854.7066721248293,0.6523001179138748,2727,34,0.7193189769649179,0.4633745525954477
1520,46,F,1,High School,Unknown,$40K - $60K,Blue,44,2,0,2,4511.874502688274,1092,3419.8745026882743,1.2100218025084364,5173,71,0.0,0.0
1521,37,F,5,Unknown,Married,Less than $40K,Blue,43,5,2,2,11669.337092881362,709,10960.337092881362,0.98005999086273,6563,106,0.0,0.9417364696635705
1522,42,F,1,High School,Single,Less than $40K,Blue,41,5,1,2,21108.299090499913,428,20680.299090499913,1.3511079857656005,3367,52,1.8640616062289743,0.3299509735973716
1523,62,M,3,Uneducated,Single,Unknown,Blue,35,5,4,2,1438.3,869,569.3,0.0,3347,57,0.0,0.17259917853891188
1524,38,F,1,College,Married,$60K - $80K,Blue,43,3,0,1,17135.470077040954,0,17135.470077040954,0.8716181697837262,3211,44,1.411558818870239,0.12592213455964776
1525,35,F,4,Graduate,Married,Unknown,Silver,25,3,3,4,20972.99712108603,2144,18828.99712108603,0.3134402699427171,4805,57,0.07392035602621916,0.9231442016077754
1526,39,M,1,Uneducated,Single,Less than $40K,Blue,53,5,2,4,1438.3,1504,3.0,0.16415312441224206,3873,61,0.0,0.735432024339446
1527,49,M,4,Graduate,Unknown,$40K - $60K,Blue,38,2,0,3,5766.021963746556,1277,4489.021963746556,0.0,5011,68,0.0,0.23224296237745645
1528,49,F,0,Unknown,Single,Less than $40K,Blue,23,3,1,4,1438.3,516,922.3,1.5375635993949257,1282,24,0.0,0.7976706333081793
1529,59,F,5,High School,Single,Less than $40K,Silver,40,5,0,3,17800.981032493815,1124,16676.981032493815,0.3579896538386833,6220,77,0.4366310716740808,0.29520132086104933
1530,41,M,5,College,Married,$60K - $80K,Blue,27,5,0,1,11533.066039961326,0,11533.066039961326,1.9090366182135772,3496,53,0.11811302184105044,0.30272854970665586
1531,49,M,2,Unknown,Single,$80K - $120K,Blue,27,3,2,5,4115.945898038517,1665,2450.945898038517,1.3372617195384706,1125,45,1.5471569392395286,0.8099231740302653
1532,39,F,2,Graduate,Married,Less than $40K,Silver,27,1,2,3,1438.3,752,686.3,1.1037366448166543,2057,35,0.0,0.36538861081500995
1533,43,M,1,Graduate,Single,$40K - $60K,Blue,49,2,5,5,17921.78268008976,659,17262.78268008976,0.0,7316,104,1.1457908089918067,0.0
1534,29,M,1,Graduate,Single,Unknown,Blue,35,5,1,0,11040.463994332249,2001,9039.463994332249,0.0,7806,99,0.0,0.2628629485131444
1535,53,F,2,Graduate,Single,Less than $40K,Blue,37,2,4,3,8293.959658548809,682,7611.959658548809,0.09767032101571282,5393,70,0.6213482627638582,0.15900375115795315
1536,53,M,3,Unknown,Married,Less than $40K,Blue,28,3,1,0,30050.06549748448,0,30050.06549748448,0.8187029064155639,7071,66,1.4227109094870514,0.0
1537,58,F,3,Graduate,Single,$80K - $120K,Blue,24,3,2,3,1917.4581467754615,274,1643.4581467754615,0.0,3000,85,0.8250849464500258,0.16417055859944826
1538,48,M,1,High School,Married,$120K +,Blue,49,3,2,4,26091.755689696478,0,26091.755689696478,0.47222415570466414,2230,32,0.16291019228518427,0.04058046235332757
1539,38,F,0,High School,Single,Unknown,Blue,38,4,2,6,12950.967889935222,1786,11164.967889935222,0.7581065798662444,3148,63,0.07148625433852074,0.41601898800657244
1540,50,M,5,Unknown,Married,Less than $40K,Blue,24,4,2,1,4804.097757913429,1781,3023.0977579134287,0.0,1313,20,0.0,0.5520072515882575
1541,41,M,3,Uneducated,Single,Less than $40K,Blue,37,5,1,3,1438.3,676,762.3,0.12294448906942301,854,11,2.636392798325,0.18415788360401125
1542,28,M,3,College,Married,$80K - $120K,Blue,46,2,2,0,1438.3,379,1059.3,2.4409176050904606,2327,27,0.5569171467144999,0.0
1543,44,M,1,High School,Married,Less than $40K,Blue,42,4,3,3,14764.284782318486,585,14179.284782318486,0.8342957007940358,5338,86,0.80022278270014,0.17065494299799183
1544,48,M,4,Graduate,Divorced,Less than $40K,Blue,39,6,1,5,10293.043883044966,1247,9046.043883044966,0.9301525803369983,636,10,1.4330947995288141,0.049865870083110594
1545,64,M,2,Graduate,Married,$60K - $80K,Blue,36,2,2,4,1438.3,441,997.3,0.6098635318788473,3089,72,0.0,0.4060669041101469
1546,42,M,1,Graduate,Single,$60K - $80K,Blue,41,5,2,6,2968.5127501254838,736,2232.5127501254838,0.09516203997555894,5325,78,2.1717118011213308,0.09258486473814562
1547,43,F,4,Graduate,Single,$120K +,Blue,56,4,2,0,5105.82665374699,359,4746.82665374699,0.0,3278,40,0.08462748892410665,0.021729139448884854
1548,34,F,0,Graduate,Single,$40K - $60K,Blue,46,4,5,3,4009.1325423497547,288,3721.1325423497547,1.9063266902063778,2895,59,2.1950939962752614,0.4267167273332554
1549,42,M,0,College,Single,$40K - $60K,Blue,28,4,2,6,9895.597444688985,1034,8861.597444688985,0.06068219984013146,4189,75,0.6999195599503142,0.05564470628779172
1550,47,M,5,Graduate,Divorced,Less than $40K,Blue,47,4,2,3,1438.3,0,1438.3,0.0,4570,60,1.5049327054683386,0.2643236461625452
1551,57,F,2,Unknown,Married,$40K - $60K,Blue,31,3,6,0,15295.6771684235,1331,13964.6771684235,2.830556262925671,2538,46,0.0,0.0
1552,31,M,4,Uneducated,Single,$40K - $60K,Blue,43,4,4,4,1438.3,1194,244.29999999999995,0.0,542,10,1.9108541666496452,0.34207728007197247
1553,47,F,4,High School,Married,Less than $40K,Blue,43,3,2,2,1438.3,0,1438.3,0.0,5921,120,1.144532249653993,0.20062053390034032
1554,49,M,0,Unknown,Single,$40K - $60K,Blue,40,2,0,2,21411.233862250043,2517,18894.233862250043,0.0,5320,82,0.0,0.3274670404154239
1555,52,M,3,Uneducated,Single,Less than $40K,Blue,39,2,2,0,3532.4330389080687,0,3532.4330389080687,1.6957712978366928,510,10,0.18555231076846018,0.0
1556,37,M,0,Unknown,Single,Less than $40K,Blue,49,3,2,0,1438.3,607,831.3,2.579317489952839,2329,46,0.08668614563908084,0.007170247680434283
1557,55,M,5,Post-Graduate,Married,$60K - $80K,Blue,19,6,3,5,4078.1128032276574,2517,1561.1128032276574,0.0,5013,89,1.828680049989216,0.3594021910099182
1558,39,F,2,Graduate,Married,Less than $40K,Blue,30,3,0,1,27207.559489904856,1093,26114.559489904856,0.141795123236922,3444,54,0.9937023021840801,0.0
1559,48,F,4,Graduate,Married,Less than $40K,Blue,35,3,5,0,11965.972077359465,1024,10941.972077359465,0.5372946400196297,2884,36,2.8846576835132405,0.2295291034662445
1560,33,M,4,College,Single,Less than $40K,Blue,40,3,3,2,5260.16249053246,378,4882.16249053246,0.0,3279,71,0.2310936959555181,0.0
1561,46,F,2,Graduate,Married,$80K - $120K,Blue,31,5,2,4,11445.327114702362,759,10686.327114702362,1.5130362541549265,7566,74,1.235691993164635,0.8573478936991438
1562,38,M,2,Uneducated,Married,Less than $40K,Silver,17,2,1,4,10476.259859643029,377,10099.259859643029,0.8703674829587889,1382,17,2.8479193663604017,0.636142658690918
1563,43,M,0,Graduate,Married,Less than $40K,Blue,27,6,0,0,1438.3,623,815.3,1.0296812619709907,3368,40,0.0,0.14764101611582575
1564,50,F,1,Uneducated,Married,$120K +,Blue,46,4,0,1,20566.99864399691,379,20187.99864399691,1.1795227333037497,3373,46,0.7744631723843526,0.24238922579462738
1565,56,F,4,Graduate,Married,Unknown,Blue,24,3,0,2,8795.167092387133,0,8795.167092387133,0.12055471995171496,6143,93,0.14751421707155887,0.33083638570788476
1566,49,F,3,Graduate,Married,$40K - $60K,Blue,46,3,2,4,27223.701311918932,0,27223.701311918932,0.0,5627,95,0.7000081401324373,0.9884813254885333
1567,43,F,1,Unknown,Married,$80K - $120K,Blue,28,2,2,6,11658.6741709438,0,11658.6741709438,1.9928517583778431,2779,40,1.3918880146505312,0.0
1568,34,F,2,Graduate,Single,$60K - $80K,Blue,40,6,3,6,15125.570484050084,1128,13997.570484050084,1.2847492540518373,5422,86,0.4084560326877543,0.0
1569,36,F,3,Graduate,Married,$60K - $80K,Blue,21,3,5,0,12996.382448093816,145,12851.382448093816,0.5711436446297623,4508,106,2.4233728656217113,0.5227086031877803
1570,39,F,3,High School,Single,Less than $40K,Blue,26,2,3,3,12193.7508520138,405,11788.7508520138,0.0,2990,66,0.0,0.0
1571,42,F,2,Graduate,Single,$120K +,Blue,41,2,2,0,21822.227110510128,1400,20422.227110510128,0.0,4447,96,0.0,0.4531817964075641
1572,48,M,2,Graduate,Married,$40K - $60K,Blue,53,5,3,3,18334.261136171044,845,17489.261136171044,0.4273066822253072,4729,56,0.07352247139564516,0.2775442678637788
1573,40,F,2,Post-Graduate,Single,Less than $40K,Blue,40,6,1,2,4179.745671129096,2517,1662.745671129096,0.671349831031983,7019,83,0.1500183619953721,0.10517027264448378
1574,40,F,4,High School,Married,Less than $40K,Blue,43,4,2,5,1438.3,572,866.3,1.9695946730660157,3395,48,0.344062663145958,0.999
1575,42,F,3,Graduate,Married,Less than $40K,Blue,34,6,0,4,16445.71611905433,152,16293.71611905433,1.5023911670175745,4018,56,0.17508222414733282,0.0
1576,41,M,2,High School,Divorced,Less than $40K,Blue,45,4,3,2,1438.3,634,804.3,0.08853039003803509,5268,63,0.0,0.31660346740546674
1577,46,F,4,Uneducated,Married,$40K - $60K,Blue,24,3,0,4,10495.094625184543,0,10495.094625184543,0.32108746131610955,1266,24,1.7249897777993413,0.3900687345152032
1578,45,F,1,Graduate,Married,Less than $40K,Blue,34,6,4,0,7084.329690553549,161,6923.329690553549,0.0,4964,65,1.6660745808600534,0.5441838472119285
1579,45,F,1,Graduate,Married,Less than $40K,Blue,38,6,1,4,13103.053344470645,1299,11804.053344470645,0.0,1685,21,3.1115259900115504,0.14526094490191752
1580,47,M,4,College,Married,Less than $40K,Blue,42,3,2,3,7356.226847781009,1142,6214.226847781009,2.9063057327482102,1168,19,0.0,0.0
1581,45,F,1,Uneducated,Married,$60K - $80K,Blue,28,2,1,2,17431.678224278432,0,17431.678224278432,0.0,5385,72,0.6253094988334734,0.32782987239413286
1582,60,M,0,High School,Unknown,$60K - $80K,Blue,16,6,0,0,2848.6896628934082,601,2247.6896628934082,0.0,3932,47,0.0,0.0
1583,58,M,3,College,Unknown,Less than $40K,Blue,38,3,0,3,17237.32761679114,936,16301.327616791139,0.9442209179818493,2396,48,1.1850444470221744,0.0
1584,49,M,5,Post-Graduate,Unknown,Less than $40K,Blue,35,1,3,5,15792.114427799626,1250,14542.114427799626,0.0,1140,17,2.50887217282981,0.22639199111738856
1585,52,F,4,High School,Married,$40K - $60K,Silver,43,1,3,3,17364.383164478197,0,17364.383164478197,0.3794126677403796,3883,46,0.8865894048048417,0.4674778263804131
1586,64,F,5,High School,Married,$120K +,Blue,37,3,0,2,17418.694532016103,0,17418.694532016103,0.7321437892111248,4995,87,0.36041931186700993,0.23663000590587546
1587,55,M,1,High School,Single,$40K - $60K,Blue,52,3,4,3,5683.793256329078,599,5084.793256329078,0.4369531046276963,1626,39,0.5889733511545786,0.5288591842632115
1588,58,M,5,Doctorate,Married,Less than $40K,Blue,36,4,3,0,1438.3,357,1081.3,3.397,738,10,0.8427788646794147,0.999
1589,41,M,4,Doctorate,Married,Less than $40K,Blue,33,2,3,2,1438.3,89,1349.3,0.12019167207943804,5876,75,0.0,0.5955469326553591
1590,45,M,3,Graduate,Single,Less than $40K,Blue,28,3,2,3,25911.616561904444,0,25911.616561904444,1.7753298552763397,3364,68,1.6674695525497878,0.5607249098361573
1591,40,M,0,High School,Married,Less than $40K,Blue,40,5,2,6,19661.45551597818,1388,18273.45551597818,0.062276761521863455,8212,103,0.1162945755690874,0.04090339419338279
1592,43,M,3,Unknown,Single,$60K - $80K,Blue,31,5,5,4,2739.6218494146215,0,2739.6218494146215,1.398191860317042,4409,63,0.9298147346610339,0.6791542056956641
1593,60,F,3,Uneducated,Single,$40K - $60K,Blue,18,3,2,2,1438.3,569,869.3,1.145927249837045,829,10,0.0,0.6206590257863975
1594,55,F,3,High School,Single,Less than $40K,Blue,47,4,4,6,1438.3,847,591.3,2.3389511828113303,4047,69,0.11578193977836826,0.0
1595,45,F,2,College,Married,Less than $40K,Blue,15,2,3,1,10972.74398186223,1176,9796.74398186223,0.8113654990724335,2762,39,1.001440726631103,0.4371850060428772
1596,49,F,3,Graduate,Single,$80K - $120K,Blue,45,4,5,4,10660.061655399139,1264,9396.061655399139,0.0,3077,46,1.6193027960771182,0.6424310675643321
1597,37,F,1,High School,Married,Less than $40K,Blue,35,1,1,3,8135.88854548434,0,8135.88854548434,0.95763319024414,2590,67,0.3187266744876074,0.0
1598,48,M,1,High School,Divorced,Less than $40K,Blue,28,5,0,0,16678.145378147587,512,16166.145378147587,0.0,3744,50,1.2974770268994114,0.11121434684812717
1599,39,F,2,Uneducated,Married,Less than $40K,Blue,37,4,6,0,14549.407813221049,404,14145.407813221049,1.1408824373514037,6963,92,0.0,0.0
1600,60,M,5,Graduate,Divorced,Unknown,Blue,31,5,2,3,4863.2001721863235,572,4291.2001721863235,2.6043071518616605,4381,57,0.0,0.0
1601,46,F,5,College,Single,$60K - $80K,Blue,50,6,5,1,1438.3,255,1183.3,0.0,4481,72,0.22277753344565043,0.5807830551734494
1602,46,F,5,High School,Single,Less than $40K,Blue,34,5,2,5,1438.3,412,1026.3,1.128918106256673,3731,57,0.4014709428368124,0.12042139166683744
1603,48,F,3,Unknown,Married,Less than $40K,Blue,41,3,1,1,1438.3,0,1438.3,0.6956397691830671,2497,37,1.611520446690883,0.10561682735211472
1604,47,M,1,Post-Graduate,Single,$60K - $80K,Blue,29,5,2,1,12107.409377397727,91,12016.409377397727,2.2154448011935335,4469,68,0.8869932770606179,0.20668749394711503
1605,35,F,0,Post-Graduate,Married,$120K +,Blue,38,5,3,5,1438.3,1120,318.29999999999995,0.5830718837636029,3352,54,0.0,0.0
1606,52,F,2,Graduate,Married,Unknown,Blue,29,5,5,3,10387.396555296336,1470,8917.396555296336,0.0,4678,59,2.6617146350514687,0.24815960396369552
1607,49,M,5,Graduate,Single,Less than $40K,Blue,38,4,3,6,1438.3,0,1438.3,1.3513194523895706,3201,82,0.0,0.0
1608,60,M,0,Graduate,Married,$60K - $80K,Blue,40,4,2,0,25037.747083224876,1152,23885.747083224876,0.6207824140449613,2357,40,0.0,0.0
1609,40,M,2,Graduate,Single,$120K +,Blue,56,4,5,3,18930.74639787853,2196,16734.74639787853,0.07962728920566498,4413,64,0.09669440191477296,0.31351955028563505
1610,56,F,1,College,Single,$120K +,Blue,22,4,0,2,11096.829528911163,398,10698.829528911163,2.454130899007163,1947,57,0.0,0.027238273618308162
1611,62,F,0,College,Unknown,$80K - $120K,Silver,31,2,0,3,12131.438960896852,106,12025.438960896852,0.0,6422,92,0.5294999525790993,0.0
1612,44,F,3,Unknown,Married,$40K - $60K,Blue,30,2,3,1,4399.436266046122,0,4399.436266046122,1.5051913498942762,5924,72,0.0,0.3035043778887804
1613,38,M,1,Post-Graduate,Married,Less than $40K,Silver,33,4,4,3,8859.074233026557,416,8443.074233026557,0.0,4680,88,1.2546011516914797,0.6439490759371642
1614,48,F,3,Post-Graduate,Divorced,$40K - $60K,Blue,33,3,2,3,15789.470199065661,1016,14773.470199065661,1.8748346318866573,4719,71,1.7437398574360445,0.0
1615,42,F,2,Uneducated,Married,$60K - $80K,Blue,43,3,0,4,22007.943527185864,273,21734.943527185864,0.7186883521088858,3827,41,0.6253567294962147,0.017286731695920765
1616,47,F,3,Graduate,Single,$40K - $60K,Blue,43,4,2,2,8235.35210996803,1128,7107.352109968029,3.206894305860887,5674,73,2.5373646005006742,0.0
1617,47,M,4,Graduate,Married,$80K - $120K,Blue,46,3,5,0,1438.3,2517,3.0,0.0,3696,50,1.2176528866896588,0.0
1618,45,M,2,High School,Single,Less than $40K,Blue,41,4,3,4,2658.532525336611,0,2658.532525336611,0.0,6894,76,0.8792734786475895,0.16099230675327528
1619,49,M,2,Unknown,Single,Unknown,Blue,31,5,2,2,1438.3,1087,351.29999999999995,0.6815205439948803,2941,38,1.8110440742536218,0.13463072060530135
1620,39,M,3,Doctorate,Married,Less than $40K,Platinum,37,2,4,3,1438.3,257,1181.3,0.9590129323123149,5340,59,0.9345611079730882,0.5882599026179096
1621,50,M,5,College,Married,Unknown,Blue,33,4,1,4,12996.373934318442,342,12654.373934318442,0.805739341209267,6266,88,1.107301655003042,0.7437127398733969
1622,52,F,3,Graduate,Married,Less than $40K,Blue,32,4,2,1,8114.843847400584,234,7880.843847400584,0.0,916,10,1.95695513464093,0.39916770885924086
1623,27,F,5,Post-Graduate,Single,$40K - $60K,Silver,28,6,2,2,5831.240748077706,0,5831.240748077706,0.3890659786074681,1516,17,0.0,0.7770988696436529
1624,52,F,1,Uneducated,Married,$60K - $80K,Blue,48,4,0,2,15743.155238542073,2517,13226.155238542073,0.0,1694,35,0.534662613275539,0.1381837117087995
1625,37,M,3,Graduate,Married,$80K - $120K,Blue,51,5,0,2,1438.3,1115,323.29999999999995,0.0,4043,71,0.0,0.0
1626,52,F,4,Uneducated,Single,Unknown,Silver,33,4,1,1,23800.1680205683,748,23052.1680205683,0.4881124415358491,5699,67,0.22014140116115405,0.28969479176941726
1627,43,F,0,Unknown,Single,$60K - $80K,Blue,30,4,2,4,14114.133850344224,0,14114.133850344224,0.0,1477,23,0.6468775468502569,0.37111320292207295
1628,61,M,1,Graduate,Unknown,Less than $40K,Blue,36,4,0,2,29384.46394101322,773,28611.46394101322,0.0,2643,49,0.9458115903066484,0.2387538965998065
1629,32,M,4,Graduate,Married,$40K - $60K,Blue,17,3,1,3,10072.495673706828,875,9197.495673706828,0.0,3592,57,1.8322855654125925,0.0
1630,41,F,3,College,Married,Less than $40K,Gold,40,3,0,0,13136.358454016956,520,12616.358454016956,1.2832442787859264,6317,85,0.0,0.0
1631,50,M,2,Graduate,Single,$60K - $80K,Blue,33,5,3,2,5631.105039767867,1559,4072.1050397678673,0.5283147320134061,2056,50,0.0,0.4848680308892735
1632,47,F,2,Post-Graduate,Divorced,$40K - $60K,Blue,36,4,5,0,9471.869152056277,1050,8421.869152056277,0.0,7226,83,2.1474865240984733,0.4953036707582835
1633,54,F,3,High School,Single,$40K - $60K,Blue,20,3,3,2,1438.3,114,1324.3,0.0,4322,79,0.0,0.2521755524673145
1634,36,F,0,Graduate,Married,Less than $40K,Blue,13,5,2,4,9021.920710933027,1006,8015.920710933027,1.0311388656206677,5729,87,0.9666257477393021,0.4231058333837979
1635,30,F,5,Unknown,Married,$40K - $60K,Blue,50,2,3,0,11555.135921006116,1522,10033.135921006116,0.0,5361,70,0.17140984276599197,0.0
1636,49,M,4,Unknown,Single,$60K - $80K,Blue,42,4,4,0,1438.3,1054,384.29999999999995,0.4003283914744803,8324,94,0.0,0.3479958721186206
1637,38,F,3,Graduate,Divorced,$60K - $80K,Blue,37,4,3,5,25378.741193273847,901,24477.741193273847,0.08992569546616902,4126,57,0.0,0.4212087452130138
1638,50,F,4,High School,Single,Less than $40K,Blue,38,3,5,1,15053.731259891249,496,14557.731259891249,0.0,848,23,2.4422596652745714,0.0
1639,42,F,5,Graduate,Married,$60K - $80K,Blue,54,3,5,0,5632.796549902964,773,4859.796549902964,0.0,2318,53,0.0,0.2538747789749515
1640,58,M,1,Graduate,Single,Unknown,Blue,23,1,0,2,21969.72620254392,856,21113.72620254392,0.0,3784,58,0.0,0.22568251867316064
1641,53,F,1,Graduate,Divorced,Unknown,Blue,35,2,2,4,18998.152018378292,0,18998.152018378292,2.792758682420253,2778,31,0.0,0.0
1642,49,M,1,Graduate,Divorced,Less than $40K,Blue,46,2,2,4,3727.603654091202,625,3102.603654091202,1.4952051634443126,8026,90,2.640227777577491,0.07734009548911296
1643,50,M,0,College,Single,Unknown,Blue,44,1,0,2,12817.708760619114,942,11875.708760619114,0.0,5083,73,0.0,0.4559724784001741
1644,42,M,1,High School,Single,Less than $40K,Blue,34,1,4,3,1438.3,906,532.3,1.972569212875911,2262,38,0.8601826970294503,0.0
1645,61,M,3,Graduate,Married,Less than $40K,Blue,42,2,1,4,5343.807972895329,802,4541.807972895329,1.155624241858832,854,10,1.200442681814216,0.0
1646,58,F,2,High School,Divorced,$60K - $80K,Blue,43,2,2,0,6277.993525547672,1239,5038.993525547672,0.0,3322,59,0.09679078286605669,0.08020878671802811
1647,51,M,1,High School,Divorced,$40K - $60K,Blue,31,4,0,6,6260.859265425921,2070,4190.859265425921,1.3805691336248584,5948,79,0.996355490583996,0.37114687264373714
1648,61,F,5,High School,Married,$120K +,Blue,30,4,4,6,14832.756008335926,1575,13257.756008335926,2.5203153536959473,6630,85,1.1299559512272745,0.043308093466075684
1649,51,M,4,Graduate,Married,$40K - $60K,Blue,28,2,3,3,6196.6515899884225,0,6196.6515899884225,0.0,1984,20,0.0,0.41053725887421244
1650,57,M,5,Unknown,Married,$120K +,Blue,41,4,3,0,1438.3,286,1152.3,0.0,6081,89,0.2507957483293337,0.46814928243964216
1651,36,M,0,Graduate,Married,$60K - $80K,Blue,38,5,4,2,16731.077234681652,2517,14214.077234681652,1.590918634591321,2942,52,0.06482179219459072,0.0
1652,27,F,4,College,Married,Unknown,Blue,27,5,4,1,31511.524985902157,315,31196.524985902157,0.0,3931,65,0.0,0.0
1653,40,M,2,Post-Graduate,Married,Less than $40K,Blue,34,5,6,3,8370.60308967961,0,8370.60308967961,1.3802515788644778,4776,66,0.7023955061600029,0.14316050316609039
1654,52,M,3,Unknown,Single,Less than $40K,Blue,41,5,0,3,6716.178256749846,0,6716.178256749846,1.6247113532404152,1115,38,0.0,0.18823682618814558
1655,50,F,0,Graduate,Married,$60K - $80K,Blue,23,1,2,0,7489.307956257543,0,7489.307956257543,0.6143676770728863,1467,25,0.0,0.35477267729728645
1656,46,F,4,College,Married,Unknown,Blue,24,5,4,5,1438.3,1481,3.0,2.107784527401104,1773,24,0.09120385632453099,0.539192707056821
1657,47,F,2,Unknown,Married,$40K - $60K,Blue,30,1,2,5,7316.659294896817,0,7316.659294896817,0.0,4508,77,0.9687292634308544,0.11240425362676056
1658,38,F,0,Uneducated,Single,Less than $40K,Blue,56,5,6,2,1438.3,158,1280.3,0.003509462574176281,1419,20,3.0599919640426063,0.2493413517067331
1659,44,M,2,College,Single,$60K - $80K,Blue,47,4,1,2,1438.3,678,760.3,0.0,6644,77,0.7236852735394035,0.07046429386966756
1660,56,M,4,Unknown,Married,$40K - $60K,Blue,35,5,0,5,1438.3,0,1438.3,1.6905250524303443,1469,30,0.2250218623977699,0.0
1661,47,F,4,Post-Graduate,Divorced,Unknown,Blue,38,4,2,1,14305.586672024634,1013,13292.586672024634,0.0,4229,48,2.628299699373491,0.0
1662,49,M,4,Unknown,Unknown,$80K - $120K,Silver,34,3,3,2,1438.3,1550,3.0,0.19415266584817104,5454,67,0.4625510432367823,0.6331602940082506
1663,45,F,2,Unknown,Single,$40K - $60K,Blue,46,2,3,3,8134.5377559294575,656,7478.5377559294575,0.830963375166646,2685,48,0.3646899291706722,0.0
1664,64,M,0,Graduate,Married,$60K - $80K,Blue,21,4,2,1,20101.220940982177,514,19587.220940982177,0.386480099090156,969,13,1.5089233539588665,0.7958124324438842
1665,50,F,1,College,Single,$120K +,Gold,35,6,3,2,2001.0609998735217,242,1759.0609998735217,2.120103708678905,3900,60,0.0,0.612172497957685
1666,44,M,4,College,Married,Unknown,Blue,44,3,5,3,4164.68588060127,0,4164.68588060127,1.7530491607339254,5532,82,0.158954007274014,0.0
1667,34,F,0,Graduate,Single,$40K - $60K,Blue,31,5,4,3,24163.196399421922,0,24163.196399421922,0.9812710822611013,7318,82,0.628029050885297,0.27889170253126344
1668,43,F,3,Doctorate,Married,$40K - $60K,Blue,27,3,2,2,11490.460356675081,607,10883.460356675081,1.380070910099731,4913,58,0.0,0.0
1669,35,F,3,Graduate,Single,$120K +,Blue,48,5,2,2,3910.975788154925,850,3060.975788154925,0.0,2009,29,1.6235849861064542,0.8126756412035215
1670,50,M,3,Uneducated,Married,Less than $40K,Blue,29,3,3,3,12625.892393417134,832,11793.892393417134,0.18958073703695044,3539,76,0.0,0.0
1671,52,F,3,Graduate,Divorced,$40K - $60K,Blue,31,5,2,6,1597.292064602042,139,1458.292064602042,0.7593360966936786,923,10,0.0,0.0
1672,55,F,3,High School,Divorced,Less than $40K,Blue,34,2,3,3,13593.94689904702,2242,11351.94689904702,0.6320145180288608,3076,65,0.0,0.511253507662218
1673,26,F,2,Unknown,Married,Less than $40K,Blue,51,6,4,0,8760.148618913427,925,7835.148618913427,3.397,1069,31,0.0,0.0
1674,28,F,3,High School,Married,Less than $40K,Blue,44,4,6,4,13668.89474251062,0,13668.89474251062,0.0,1323,18,0.0,0.27605119426485614
1675,35,F,0,Unknown,Married,$120K +,Blue,43,3,4,5,17901.662986325657,0,17901.662986325657,2.10581830395003,4369,60,0.0,0.09491489344478597
1676,30,M,1,High School,Single,$120K +,Blue,45,4,2,1,12403.551022335276,2517,9886.551022335276,0.16562040897509933,8200,91,0.046102360611992466,0.0
1677,48,F,5,Uneducated,Divorced,$80K - $120K,Blue,33,3,6,2,28311.958801529712,1123,27188.958801529712,1.0907404608505749,2682,43,0.09042790933716549,0.6287734487358275
1678,65,M,1,Graduate,Unknown,Less than $40K,Blue,13,4,4,2,8979.066240957496,2517,6462.066240957496,0.4376947399937909,2410,39,1.1025556115992656,0.0
1679,50,F,5,High School,Married,Less than $40K,Blue,39,3,3,3,1438.3,2240,3.0,1.0771063986309588,4849,93,0.3431318461398724,0.0
1680,46,F,0,Graduate,Single,Less than $40K,Blue,26,4,6,0,7010.166749335747,1220,5790.166749335747,0.8092864421194089,1240,27,0.871327448445898,0.09780267046516053
1681,59,M,2,College,Married,Unknown,Blue,33,2,3,1,14147.18162330324,0,14147.18162330324,1.8204152112448226,895,17,1.276554184488409,0.06422763084782705
1682,54,M,2,High School,Married,$60K - $80K,Blue,36,3,0,6,4014.301282033801,1668,2346.301282033801,0.0,6815,104,0.7051251703621472,0.7333906067876798
1683,50,M,4,High School,Single,$60K - $80K,Blue,23,6,4,4,4039.3263356159887,2517,1522.3263356159887,1.8701885486918366,3227,68,0.0,0.5015215941321439
1684,50,M,1,High School,Divorced,$120K +,Blue,44,5,5,0,3777.2233277508303,829,2948.2233277508303,0.6597706769712862,6205,101,1.039683078836676,0.27672122333029636
1685,50,F,2,Uneducated,Married,$80K - $120K,Blue,13,4,5,5,12645.341987302914,425,12220.341987302914,1.0728653496249756,3283,64,0.0,0.0
1686,44,F,0,Uneducated,Single,$80K - $120K,Blue,32,2,1,2,10760.939062864469,1172,9588.939062864469,0.0,1369,20,0.0,0.23829681090583343
1687,47,M,0,Unknown,Married,Less than $40K,Blue,30,6,5,2,10724.484081824654,0,10724.484081824654,0.09707772581955298,1730,21,1.1774189900786811,0.0
1688,52,F,3,Unknown,Married,$40K - $60K,Blue,32,5,4,2,12751.996074953588,1897,10854.996074953588,3.245482704347446,3930,73,2.389260291368557,0.0
1689,30,F,3,High School,Married,Less than $40K,Blue,26,5,2,3,7246.557373187867,1426,5820.557373187867,0.0,2481,63,0.0,0.1347848582851829
1690,47,M,1,Unknown,Single,$60K - $80K,Blue,24,4,1,1,7825.482956622294,0,7825.482956622294,1.043188614168618,2194,33,0.0,0.44704019756015234
1691,50,F,4,Uneducated,Married,$40K - $60K,Blue,32,3,2,4,6998.96552352937,881,6117.96552352937,0.0,3073,44,1.5354951586141312,0.27032384668396914
1692,44,F,0,Post-Graduate,Married,$40K - $60K,Blue,38,1,1,4,22175.629829394864,902,21273.629829394864,0.7929222246453629,5655,63,0.0,0.999
1693,37,F,5,Graduate,Single,$80K - $120K,Blue,36,2,3,5,1533.43410556032,562,971.43410556032,0.0,2406,44,0.922327695327935,0.8382381035520056
1694,37,M,3,Uneducated,Single,Less than $40K,Blue,30,3,4,3,21081.195646471228,839,20242.195646471228,0.23676901418166185,3883,52,1.1406892064760812,0.0
1695,51,M,2,High School,Married,Less than $40K,Blue,31,5,2,5,18981.943625962205,179,18802.943625962205,0.7202681752775207,2164,27,0.9488821612029708,0.0
1696,46,F,3,Graduate,Married,$60K - $80K,Blue,47,2,4,0,19703.3148986921,171,19532.3148986921,1.588590407239161,3601,42,0.0,0.4207027437001819
1697,39,M,4,High School,Married,$40K - $60K,Gold,38,4,1,6,19457.503548661698,0,19457.503548661698,0.45884631926970587,5232,68,2.6090292609389856,0.6367705565447223
1698,46,M,0,Uneducated,Single,$60K - $80K,Silver,25,3,1,6,1438.3,1569,3.0,0.16998874470846326,8110,113,0.0,0.0
1699,60,M,4,High School,Married,Less than $40K,Blue,55,3,4,4,1438.3,0,1438.3,0.0,3682,52,1.4099466494731279,0.09706186084604336
1700,43,M,3,Unknown,Unknown,Less than $40K,Blue,49,4,6,1,1438.3,448,990.3,0.05099762160014243,2098,31,0.7181301853924494,0.08145148250914162
1701,58,M,0,Graduate,Married,$80K - $120K,Blue,53,2,0,4,15352.367015482776,0,15352.367015482776,0.7693181933446741,3354,71,0.1357898364586786,0.0
1702,43,F,2,Graduate,Divorced,$60K - $80K,Blue,31,3,6,6,8705.56292534986,0,8705.56292534986,0.0,704,14,0.008927183848255305,0.24288983702183164
1703,43,F,1,Unknown,Single,$40K - $60K,Blue,23,3,3,3,1438.3,1009,429.29999999999995,0.37143561630008476,4124,62,0.0,0.0
1704,38,M,4,Unknown,Single,Less than $40K,Blue,49,4,0,4,9554.278931669049,899,8655.278931669049,1.7034867202314594,2484,34,0.0,0.999
1705,40,F,5,Graduate,Married,$80K - $120K,Blue,50,5,2,2,1438.3,1068,370.29999999999995,0.26906273927449387,1998,40,0.40047966013823844,0.999
1706,41,M,4,Graduate,Single,$80K - $120K,Blue,20,3,0,1,3809.497279068112,1278,2531.497279068112,0.16615795621622242,4447,66,0.0,0.0
1707,51,F,1,Unknown,Unknown,$60K - $80K,Blue,33,4,5,3,13607.716977100303,98,13509.716977100303,1.1404046199562639,7206,116,0.0,0.0
1708,37,F,0,High School,Married,Less than $40K,Blue,40,6,4,3,1438.3,798,640.3,1.214411540513772,1178,21,0.0,0.5618457140943516
1709,55,F,2,Graduate,Unknown,$80K - $120K,Blue,42,5,3,4,11058.508655152702,793,10265.508655152702,1.1638298269669598,6563,88,0.0,0.288938038719352
1710,57,M,0,Graduate,Married,$80K - $120K,Blue,29,2,0,3,8379.599966780988,0,8379.599966780988,0.7385807469364097,6188,86,1.1235732516831631,0.015432452821518977
1711,39,F,2,Uneducated,Single,Less than $40K,Blue,33,2,4,3,5646.706292775918,396,5250.706292775918,0.994544132229497,510,10,0.0,0.48369521616619243
1712,34,M,1,Doctorate,Married,Unknown,Blue,28,3,2,2,19641.629928226408,122,19519.629928226408,0.44901327455345613,2000,27,0.9103700084676494,0.0
1713,42,F,3,College,Married,Unknown,Blue,49,4,0,4,21952.757376976362,252,21700.757376976362,0.42296513640561306,5437,107,0.0,0.3008093265597672
1714,50,F,2,Graduate,Single,$40K - $60K,Blue,31,4,6,5,8420.276166704441,0,8420.276166704441,1.128124398086586,2384,29,0.6988449599610894,0.0
1715,52,F,0,High School,Divorced,$40K - $60K,Blue,36,2,3,4,11468.978083338561,977,10491.978083338561,0.0,2420,30,0.0,0.51154631699759
1716,53,F,3,Graduate,Single,$40K - $60K,Blue,34,3,6,6,4561.448993103355,421,4140.448993103355,1.4582167026260946,4827,68,1.2268624608559895,0.027938014958476948
1717,36,M,0,High School,Married,Less than $40K,Blue,46,5,0,4,24446.714286822276,0,24446.714286822276,1.2066759045548434,7330,119,0.2597394254239132,0.0
1718,52,F,5,Graduate,Single,$40K - $60K,Blue,19,3,4,3,1896.7552873752275,0,1896.7552873752275,0.8499327504410618,3894,59,0.0,0.19946903275918387
1719,44,F,0,Graduate,Married,$40K - $60K,Blue,45,4,1,0,9374.827706352266,1176,8198.827706352266,0.0948132773980328,3402,36,0.0,0.03601100831255212
1720,41,M,0,Post-Graduate,Single,$60K - $80K,Blue,44,2,1,6,1438.3,1713,3.0,0.0,7015,86,0.0,0.05891812586817276
1721,46,F,4,High School,Single,Less than $40K,Blue,33,4,2,3,2740.270918781327,604,2136.270918781327,0.0,10671,130,0.0,0.5856197373964247
1722,52,F,2,Unknown,Married,$60K - $80K,Blue,35,3,3,0,1438.3,353,1085.3,0.0,3830,58,1.7791345509050585,0.4937464663882037
1723,40,M,5,Doctorate,Single,Less than $40K,Blue,48,2,4,3,24342.447989620523,2233,22109.447989620523,0.0,4756,61,0.9000652797945325,0.0
1724,30,F,2,Post-Graduate,Single,$80K - $120K,Blue,29,4,0,2,17490.12815810046,477,17013.12815810046,0.0,2304,37,0.754547284523592,0.0
1725,54,M,1,Graduate,Married,Less than $40K,Blue,50,3,2,6,17814.806748208022,691,17123.806748208022,0.0,1549,30,2.647296906832092,0.2643672872299909
1726,45,F,5,Graduate,Married,Unknown,Blue,25,3,1,2,4029.9840170897323,0,4029.9840170897323,0.4992965606150471,1904,39,0.07995527702145355,0.7752458982352449
1727,46,F,4,Graduate,Single,Less than $40K,Blue,34,2,4,4,1438.3,0,1438.3,0.8963705564848672,3880,65,0.0,0.6351929713537031
1728,54,M,3,Graduate,Married,$40K - $60K,Blue,26,1,1,5,4967.18155427453,1113,3854.18155427453,1.8525919693566628,566,10,1.2108261749905234,0.37535629576382934
1729,42,M,5,Graduate,Married,Less than $40K,Blue,36,4,5,3,5089.121188966979,69,5020.121188966979,0.4503668992168398,2919,54,1.081047750058151,0.7174717879825113
1730,47,F,2,Post-Graduate,Single,Less than $40K,Blue,46,4,1,1,8320.343996004809,2178,6142.343996004809,0.572898135623252,804,10,2.0345533450313185,0.8235665986300627
1731,28,F,5,College,Single,$40K - $60K,Blue,53,3,2,1,9613.107182410671,1206,8407.107182410671,1.4285857313018413,572,16,0.0,0.637209945132043
1732,42,M,4,Uneducated,Single,Less than $40K,Blue,45,2,5,3,11899.57901022951,227,11672.57901022951,2.45015789758173,3484,46,0.6852924449664404,0.0
1733,49,M,0,Unknown,Single,$40K - $60K,Blue,31,3,5,2,16450.066995774883,961,15489.066995774883,0.48819168192559864,7909,103,0.0,0.6752256595943424
1734,39,F,3,High School,Single,Unknown,Blue,39,3,5,4,1438.3,977,461.29999999999995,0.0,3085,59,1.219678400997065,0.1267734717395564
1735,53,M,4,Unknown,Single,Unknown,Blue,35,2,4,5,15736.26129985955,117,15619.26129985955,1.5429054921773118,2953,47,1.8650159909264876,0.0
1736,35,F,0,Graduate,Married,$40K - $60K,Blue,33,3,6,3,3386.391850524844,172,3214.391850524844,0.12548160482701387,6125,106,1.7903259251708463,0.45511607355660294
1737,56,M,2,Graduate,Single,$40K - $60K,Blue,33,4,2,2,1438.3,2517,3.0,0.04323443898425805,2486,49,0.0,0.0
1738,55,M,2,Graduate,Single,$120K +,Blue,26,5,1,3,11461.987904290847,498,10963.987904290847,1.7152919881232835,3676,54,0.0,0.4654051952267518
1739,51,F,1,High School,Married,$60K - $80K,Blue,36,3,4,1,1438.3,1336,102.29999999999995,0.9718183711093933,1196,27,0.21959621362853515,0.0
1740,33,F,2,Unknown,Married,$60K - $80K,Platinum,49,3,1,5,1733.9412877550649,1569,164.94128775506488,0.6645182522100892,2257,31,0.4063389610718586,0.5093513920635109
1741,47,F,0,High School,Married,$60K - $80K,Blue,42,5,6,4,4496.945068185845,297,4199.945068185845,0.0,4689,66,0.40266558555928067,0.05156973492914253
1742,43,F,2,Graduate,Single,$120K +,Blue,48,4,3,5,27637.59183618248,724,26913.59183618248,0.8407200472310874,1703,35,0.0,0.323684926255436
1743,40,M,4,Graduate,Married,Less than $40K,Blue,33,4,2,3,2888.722605086409,1476,1412.7226050864092,0.0,2888,44,1.2073241929313263,0.2219287447540813
1744,46,M,5,High School,Single,Less than $40K,Blue,38,5,4,6,22473.15691874302,991,21482.15691874302,0.0,9273,131,0.12163981537517093,0.0
1745,39,M,0,Graduate,Married,$40K - $60K,Blue,41,5,4,4,1438.3,2517,3.0,0.0,2648,61,1.4851387365774775,0.1014625656226062
1746,26,F,2,Unknown,Married,Unknown,Blue,30,4,4,6,1438.3,0,1438.3,0.1655616973256182,5858,83,1.9294547610522939,0.0
1747,36,F,2,Graduate,Married,Unknown,Blue,38,4,2,6,13355.23609434795,383,12972.23609434795,0.0,4417,72,0.6901685350808573,0.6551781052668262
1748,52,F,1,Post-Graduate,Married,$40K - $60K,Blue,35,3,1,0,1438.3,0,1438.3,0.0,3891,58,0.6527830117303544,0.0
1749,28,F,2,Graduate,Single,Less than $40K,Blue,33,5,5,4,15809.936723243192,1071,14738.936723243192,1.0981225145110258,1000,17,0.44480665176481976,0.33308161183645013
1750,35,F,4,Unknown,Single,$40K - $60K,Blue,37,4,3,4,1438.3,0,1438.3,0.0,1100,24,1.0891272861709602,0.1479569132657741
1751,57,F,3,College,Married,Less than $40K,Blue,30,4,4,0,3351.533312948357,1221,2130.533312948357,1.2996512339081576,3244,34,0.0,0.46899143165371393
1752,34,M,3,High School,Married,Less than $40K,Silver,39,3,1,4,28639.054246518073,1098,27541.054246518073,1.6562448482180714,4008,72,0.0,0.0
1753,40,F,2,Post-Graduate,Married,$60K - $80K,Blue,35,4,2,3,8543.62019715595,0,8543.62019715595,0.7327619988609019,3018,36,1.0864037332723548,0.0
1754,56,F,1,Unknown,Single,Less than $40K,Blue,28,6,0,1,15357.218673547222,561,14796.218673547222,0.0,4814,63,2.1712575204685725,0.5475660393482318
1755,37,M,4,Uneducated,Divorced,$80K - $120K,Blue,39,5,0,6,1438.3,2517,3.0,1.7535252695575194,2020,46,0.45285220730187375,0.28325936861728934
1756,34,M,0,Graduate,Single,$120K +,Blue,37,4,2,6,15252.380485051046,0,15252.380485051046,0.448535157754017,4576,71,0.0,0.14143654406291664
1757,39,M,1,Graduate,Single,$40K - $60K,Blue,23,5,4,3,3933.8569701086863,2440,1493.8569701086863,0.8705237380925642,3519,53,1.6065029674721178,0.09561769612611881
1758,47,M,1,College,Single,$40K - $60K,Blue,40,5,1,3,1438.3,520,918.3,1.808502976393135,2499,44,0.32243379602777505,0.48437235884122165
1759,55,F,1,Graduate,Single,Less than $40K,Blue,41,3,0,6,1438.3,528,910.3,0.5504467041552215,1445,35,2.3291065545886176,0.06594962638906188
1760,46,M,2,Unknown,Single,$60K - $80K,Blue,29,3,1,4,1438.3,0,1438.3,0.0,6340,74,0.569796774432005,0.8358530010927301
1761,50,F,5,Graduate,Single,Less than $40K,Blue,24,3,6,3,1438.3,0,1438.3,0.0,1301,25,1.532889123358075,0.0
1762,60,M,4,High School,Single,Less than $40K,Blue,37,4,4,3,16970.97905803988,1279,15691.97905803988,0.38795335088993194,5984,75,2.5317046412710735,0.9263831798641748
1763,42,M,0,Graduate,Married,$80K - $120K,Blue,20,3,6,1,7368.481355292252,2517,4851.481355292252,0.07469195521429395,4348,56,0.0,0.22060240404481724
1764,37,M,2,Unknown,Single,$80K - $120K,Blue,32,5,3,0,9599.412926399194,2517,7082.4129263991945,0.9520744265662971,1258,20,0.5266412505222402,0.0
1765,43,M,3,Uneducated,Married,Unknown,Blue,20,3,4,4,7672.882352592026,1424,6248.882352592026,0.45528841391498076,1512,27,1.5339845628631021,0.0
1766,49,M,2,Uneducated,Single,$40K - $60K,Blue,36,4,0,6,15523.466940620689,421,15102.466940620689,0.03748944660274389,6654,113,0.13148811995892623,0.0
1767,50,M,3,Uneducated,Single,$40K - $60K,Blue,38,4,0,0,23897.675672701,0,23897.675672701,1.153645452751102,6144,88,1.971936163950808,0.09193682908795572
1768,50,F,2,Graduate,Married,Less than $40K,Blue,39,2,4,1,18072.530951041117,358,17714.530951041117,1.9806340179416093,510,10,0.889042869135944,0.018861298603106837
1769,32,M,2,Graduate,Unknown,Less than $40K,Blue,40,2,2,2,1438.3,328,1110.3,3.124039075533985,1800,27,0.5983590563546091,0.5604935173301389
1770,60,F,4,High School,Married,$80K - $120K,Blue,38,4,3,1,13042.37901699313,1479,11563.37901699313,0.0,4073,43,0.7385454436377283,0.6025165630398197
1771,47,M,3,Unknown,Married,$60K - $80K,Blue,30,3,2,0,10940.496528979307,0,10940.496528979307,1.981744150769035,9039,126,1.135194176807886,0.0
1772,38,F,2,Uneducated,Married,Less than $40K,Blue,39,6,3,2,8019.524192265394,627,7392.524192265394,0.09723673249227827,4554,84,0.8208941867641161,0.0
1773,42,F,0,Graduate,Divorced,Unknown,Blue,32,1,1,1,17707.851167590998,1225,16482.851167590998,0.4753459700088483,2422,41,0.0,0.263867865503106
1774,43,F,1,Graduate,Single,Less than $40K,Blue,36,3,2,5,3307.008708084525,0,3307.008708084525,0.0,5366,87,0.0,0.0
1775,41,M,0,Unknown,Single,Less than $40K,Blue,28,6,3,0,8499.351359806638,0,8499.351359806638,0.0,1717,23,1.3473922547934383,0.218697238635802
1776,43,F,4,High School,Married,$60K - $80K,Blue,25,1,6,4,21283.865413513682,372,20911.865413513682,1.1366774868874323,840,10,0.0,0.2660771537672937
1777,26,F,2,Doctorate,Single,$80K - $120K,Blue,31,4,5,6,22319.405991353095,2108,20211.405991353095,0.0,4289,72,0.0,0.0
1778,43,M,2,High School,Single,Less than $40K,Blue,35,3,2,2,2354.0027008320494,50,2304.0027008320494,0.9429439559005544,1104,18,0.0,0.21198880280542218
1779,69,F,3,Unknown,Single,Less than $40K,Blue,43,3,2,3,27759.830640164535,742,27017.830640164535,2.138509363874597,2874,39,2.4902584584274585,0.26915036332521824
1780,37,M,0,Unknown,Married,Less than $40K,Blue,34,3,4,6,8898.171710144736,56,8842.171710144736,2.006786549392083,2100,37,0.6372110697472803,0.8488002626767062
1781,41,F,5,Graduate,Single,$40K - $60K,Blue,33,5,3,4,17235.505281853875,0,17235.505281853875,1.0824239372663702,2830,65,0.0,0.20685144678264594
1782,44,F,0,College,Married,$40K - $60K,Blue,47,3,4,1,13822.954775651415,1012,12810.954775651415,0.0,6774,72,0.0,0.1646742156492677
1783,57,M,3,High School,Single,$40K - $60K,Blue,26,2,6,0,11591.269260177138,436,11155.269260177138,2.1696723324544553,2355,51,0.41071041257411783,0.014934008277519145
1784,37,F,1,Doctorate,Married,$80K - $120K,Blue,32,4,1,3,19331.547935561655,1368,17963.547935561655,0.8122154393343372,2353,33,0.0,0.0
1785,53,F,1,Graduate,Single,$40K - $60K,Blue,30,3,0,2,5591.899782766976,915,4676.899782766976,1.0385570196935021,7498,86,0.0,0.0
1786,54,F,0,Graduate,Married,Unknown,Blue,41,5,0,3,1438.3,819,619.3,0.958041330755996,1975,50,0.6760712224120647,0.45267885025820415
1787,60,F,3,High School,Single,$40K - $60K,Blue,52,2,2,1,9134.395202249174,0,9134.395202249174,0.0,4517,77,0.3455236886603272,0.0
1788,45,F,2,Graduate,Married,Less than $40K,Blue,26,3,1,0,24728.010205695697,944,23784.010205695697,1.114578774817939,3095,35,0.0,0.0
1789,51,F,0,Uneducated,Single,Less than $40K,Blue,36,5,2,1,3283.1057969651683,677,2606.1057969651683,1.311392048391342,4148,48,0.0,0.4574340759955896
1790,51,F,2,Unknown,Married,$80K - $120K,Blue,35,5,3,1,20416.108282412555,520,19896.108282412555,1.7876922482684814,1933,54,0.0,0.5329529461173163
1791,55,M,5,Post-Graduate,Married,$80K - $120K,Blue,17,3,4,5,10347.273919569312,1964,8383.273919569312,0.0,4894,95,0.0,0.0
1792,42,M,3,Graduate,Married,Less than $40K,Blue,20,5,1,5,1438.3,546,892.3,0.0,10302,118,0.4558627405488627,0.012063576296418577
1793,52,M,0,Uneducated,Married,$40K - $60K,Blue,39,2,1,5,1438.3,155,1283.3,0.7934994461768856,4529,63,0.32946152725987937,0.0
1794,49,M,5,Doctorate,Single,$60K - $80K,Gold,43,3,1,5,1438.3,687,751.3,0.9901739466486223,1616,24,0.4580748997304267,0.0
1795,36,F,2,Uneducated,Unknown,Less than $40K,Blue,33,5,2,4,3699.797849271591,370,3329.797849271591,0.0,1946,30,1.1072691351230495,0.1478198391162542
1796,40,M,3,Unknown,Single,$40K - $60K,Blue,28,5,1,4,15639.168875871932,0,15639.168875871932,0.2972870413974774,4411,59,2.1116415252460032,0.0
1797,38,F,3,Graduate,Single,$60K - $80K,Blue,35,4,3,1,1438.3,553,885.3,0.17683309407894554,3208,52,0.8320478207244648,0.07770518661709178
1798,47,M,2,Uneducated,Married,$120K +,Blue,25,5,2,3,18672.771539705398,742,17930.771539705398,0.0,8515,139,1.6513619947793674,0.20395646284953126
1799,31,M,4,High School,Married,Less than $40K,Blue,19,4,3,3,1438.3,1243,195.29999999999995,1.5880940511538164,802,10,1.2536012039600908,0.5615901169364892
1800,64,F,0,Graduate,Single,$80K - $120K,Blue,25,4,0,4,17676.727798661945,1595,16081.727798661945,0.22336813361037555,3468,53,0.11584509406609067,0.4650485054274086
1801,31,F,5,Graduate,Married,Less than $40K,Blue,21,1,4,3,7772.332742295295,460,7312.332742295295,2.360104530069466,3815,59,0.3670304853362787,0.0
1802,48,F,4,High School,Single,Less than $40K,Blue,31,5,1,4,9038.572611148802,1071,7967.572611148802,0.0989573334279803,1358,27,0.22401226934957708,0.06242606109704689
1803,31,F,4,Unknown,Single,$60K - $80K,Blue,32,4,2,2,10886.166998649263,1744,9142.166998649263,0.585846258455003,6613,112,1.707764835077462,0.056676413372811416
1804,58,F,2,Graduate,Single,$40K - $60K,Blue,19,4,6,3,3143.740536422276,386,2757.740536422276,3.3096960110194145,6681,91,0.0,0.0
1805,43,M,3,Uneducated,Married,$40K - $60K,Blue,42,2,1,2,1438.3,16,1422.3,0.7532119906227871,3414,53,0.0,0.2684899213137023
1806,45,M,2,Graduate,Married,Less than $40K,Blue,23,4,1,2,13208.60519445025,0,13208.60519445025,0.0,2921,52,1.764019085340828,0.1948570963046828
1807,38,M,3,Uneducated,Married,Less than $40K,Blue,43,5,6,0,1438.3,90,1348.3,0.20913356824682888,6449,129,0.836531455381186,0.45023689758395863
1808,46,F,1,Graduate,Married,$40K - $60K,Blue,41,1,2,3,30138.66091600404,0,30138.66091600404,0.0,5439,80,0.0,0.18429069470593962
1809,60,F,3,Graduate,Single,$60K - $80K,Silver,34,3,3,2,4756.983868215184,1185,3571.983868215184,0.17353266563682868,836,10,0.42798858263077466,0.2381091479235575
1810,54,F,0,Unknown,Single,Less than $40K,Blue,41,4,1,5,9509.979389592374,1258,8251.979389592374,0.46586096161366564,2056,25,1.1288206900423097,0.4374167755471645
1811,46,F,0,Post-Graduate,Single,Less than $40K,Blue,30,3,2,0,12338.189342082098,554,11784.189342082098,1.8591062113067056,5706,96,3.6743521958369545,0.999
1812,38,F,2,Graduate,Married,Less than $40K,Silver,44,3,1,2,8473.000116546877,0,8473.000116546877,1.5784893241037392,612,11,1.5266745622714202,0.0
1813,26,M,2,High School,Married,$80K - $120K,Blue,46,3,1,1,1438.3,917,521.3,2.434053777500771,2526,50,0.19542909641475226,0.09843734991793224
1814,62,M,0,College,Married,$80K - $120K,Blue,39,2,4,2,1438.3,669,769.3,0.9436591373044787,3219,49,2.100859024264869,0.17034978681898166
1815,50,F,3,Unknown,Married,Less than $40K,Blue,44,6,3,1,16066.375404986728,1913,14153.375404986728,0.0,2322,34,1.5016663315154548,0.07904585883379737
1816,38,F,4,Graduate,Single,$40K - $60K,Blue,47,1,3,3,5331.581398326031,1182,4149.581398326031,1.984171231845628,2035,30,0.4380401202332384,0.4711906947930295
1817,49,F,5,Uneducated,Single,$40K - $60K,Blue,40,3,2,1,9712.587910067708,332,9380.587910067708,0.03359364933219122,7304,104,0.4942187351090234,0.0
1818,42,F,0,Uneducated,Single,$60K - $80K,Blue,30,3,0,0,1888.615157190824,581,1307.615157190824,2.5491921253855674,8443,127,0.0,0.0
1819,53,M,3,High School,Married,$80K - $120K,Blue,35,3,1,1,12603.404824201049,1515,11088.404824201049,0.2657886553074769,2662,36,0.0,0.47345619080147133
1820,54,F,4,Uneducated,Single,Less than $40K,Blue,25,6,1,6,1438.3,1264,174.29999999999995,2.534334804013114,1442,28,0.28578628296425806,0.18827129454200633
1821,46,F,4,Post-Graduate,Unknown,$80K - $120K,Blue,37,2,0,2,7186.966184195879,1110,6076.966184195879,0.0,3301,46,0.20180851004401318,0.1620423444671731
1822,40,F,4,High School,Married,$80K - $120K,Blue,44,5,6,3,22580.584122321212,1323,21257.584122321212,0.0,7262,106,0.0,0.03881567065505878
1823,42,M,3,Unknown,Single,$60K - $80K,Blue,45,4,6,3,4295.239447256238,0,4295.239447256238,0.31190626544772665,3894,47,0.9172765174926278,0.14205750094797073
1824,57,F,3,Unknown,Single,Unknown,Blue,33,6,3,1,23886.128216869936,659,23227.128216869936,0.24551370154658725,1785,29,0.3774955719268808,0.999
1825,54,M,3,Unknown,Unknown,Less than $40K,Blue,56,6,0,1,3762.238636610362,1691,2071.238636610362,0.34188956764609124,2032,25,0.2622381164468199,0.03483126725993653
1826,64,M,0,High School,Divorced,Unknown,Blue,28,1,5,2,17159.70720493536,378,16781.70720493536,0.8856170011018065,4087,78,0.26084378208819087,0.4662376248220182
1827,56,M,4,High School,Married,$40K - $60K,Blue,39,3,4,0,1438.3,610,828.3,0.23925003210306578,5509,100,0.8353111966105415,0.10797730609918207
1828,59,M,1,High School,Single,$60K - $80K,Blue,42,5,2,3,1438.3,1108,330.29999999999995,1.380021682775664,728,10,0.0,0.0
1829,48,F,0,High School,Single,$40K - $60K,Blue,29,4,1,2,1438.3,1261,177.29999999999995,1.7376808706633031,583,10,1.9183395293400545,0.3180051748516518
1830,52,M,2,Graduate,Single,Less than $40K,Blue,27,4,5,4,3964.8612703438894,0,3964.8612703438894,0.06735437536045485,3041,61,0.18331808546034273,0.5921013755023364
1831,45,M,3,College,Married,Less than $40K,Blue,36,6,4,4,7705.3287741418135,1847,5858.3287741418135,2.4028856025303176,5373,71,0.2535095968950038,0.08666182957271257
1832,54,F,1,Graduate,Married,Less than $40K,Blue,32,4,4,2,11427.085574267865,0,11427.085574267865,1.6366177720301258,3038,49,0.0,0.0547968462799987
1833,40,M,3,Unknown,Married,Unknown,Blue,38,5,5,6,8849.990971283274,1055,7794.990971283274,0.0,4671,63,1.8182565838002396,0.34180960999614873
1834,38,M,1,Graduate,Married,Unknown,Blue,16,4,0,4,6096.3712411573815,707,5389.3712411573815,0.0,1945,25,1.279633809740731,0.24535731854597959
1835,53,F,3,Unknown,Single,$80K - $120K,Blue,36,4,0,2,5994.674757207874,1035,4959.674757207874,0.0,4266,57,0.8569498291421641,0.0
1836,49,M,3,Uneducated,Single,Less than $40K,Blue,33,4,1,4,10085.228509315715,356,9729.228509315715,0.0,3428,46,1.2683159898084986,0.0
1837,47,F,5,College,Married,$120K +,Blue,41,5,4,1,6617.765664951132,196,6421.765664951132,1.039506577331077,3630,42,0.8230677173781205,0.20389250496894357
1838,34,M,2,Doctorate,Married,Less than $40K,Blue,30,5,6,5,1438.3,0,1438.3,1.63760775492579,5578,66,0.0,0.12842706947946853
1839,28,F,2,Uneducated,Married,$40K - $60K,Blue,21,5,0,4,14366.708501660189,2379,11987.708501660189,0.1864668781085893,7115,67,0.0,0.45922137085458575
1840,49,F,1,Uneducated,Divorced,Less than $40K,Blue,42,6,2,4,1438.3,105,1333.3,0.9246546133739941,1872,26,0.0,0.4560202283576492
1841,55,F,4,Unknown,Married,$60K - $80K,Blue,45,5,2,5,4943.199818359535,0,4943.199818359535,1.602662213107653,5892,86,0.8866756649234282,0.5035187947304964
1842,47,M,4,Graduate,Single,Unknown,Blue,40,3,2,3,23414.868494985763,1660,21754.868494985763,0.3728352662679959,5006,64,0.0,0.4801875037027903
1843,46,F,2,High School,Single,$120K +,Blue,36,4,0,5,8715.046782791445,1206,7509.046782791445,0.47733796591814265,5621,79,0.6904267185746956,0.02163416724761022
1844,53,M,2,Graduate,Married,$40K - $60K,Blue,44,6,3,6,15776.303160757543,1314,14462.303160757543,1.0882717204204342,3608,62,0.7572839547130492,0.05443995498903688
1845,38,M,3,Graduate,Married,$60K - $80K,Blue,32,4,6,3,7957.78825576663,1723,6234.78825576663,0.3967938743042813,2443,51,0.9689458690757105,0.0
1846,46,M,4,Uneducated,Unknown,$80K - $120K,Blue,25,2,4,2,15120.342692060281,1696,13424.342692060281,0.0,4156,66,0.0,0.31514585680924145
1847,50,F,1,Graduate,Married,$80K - $120K,Blue,51,2,1,5,8101.424612065973,2454,5647.424612065973,1.9058659826518016,4985,73,0.0,0.10109101919521829
1848,46,F,1,High School,Single,$60K - $80K,Blue,18,4,0,0,14089.09104787089,481,13608.09104787089,0.5633534540337303,5895,86,0.1082581325329739,0.041090416300598204
1849,44,F,4,Uneducated,Single,Less than $40K,Blue,34,3,2,3,11055.70594416218,1525,9530.70594416218,0.9767132693800096,1991,37,0.7497567433878698,0.0
1850,49,M,3,Unknown,Single,$120K +,Blue,45,5,5,1,10924.07854371781,698,10226.07854371781,1.8173034426618582,2676,45,0.533204451495011,0.43676116859739117
1851,38,M,0,College,Married,Less than $40K,Blue,38,1,4,1,4759.728919503401,493,4266.728919503401,2.6027525569429772,3410,53,0.6950554386234575,0.0
1852,60,M,4,College,Married,$40K - $60K,Blue,30,3,3,1,13788.430900976386,321,13467.430900976386,0.3904991257890416,3764,45,1.7416330005706335,0.29978574820369397
1853,43,M,3,Uneducated,Married,Less than $40K,Blue,41,5,1,2,2213.155654931331,0,2213.155654931331,0.0,6535,63,0.7620035190920079,0.47925075142901624
1854,54,M,3,High School,Divorced,Less than $40K,Blue,43,4,3,1,12445.166367682865,440,12005.166367682865,0.629065650226118,2016,44,0.0,0.0
1855,49,M,0,Graduate,Married,$80K - $120K,Silver,18,1,1,0,21349.34434807438,2517,18832.34434807438,0.19678711459546505,5004,61,0.5683914800308767,0.3508032006107908
1856,35,M,1,College,Single,Less than $40K,Blue,38,4,3,2,14376.784453921286,632,13744.784453921286,1.0619253595863816,7862,100,1.5134508250732095,0.0
1857,50,F,0,High School,Single,Less than $40K,Blue,30,6,3,4,19772.000882286728,0,19772.000882286728,1.9527477908632018,6402,76,1.7810624194773181,0.0
1858,50,F,2,Unknown,Single,$120K +,Blue,35,3,3,4,24303.24156161973,1552,22751.24156161973,0.13068836843270282,3049,44,1.426483001933685,0.4008690558611549
1859,47,M,4,Uneducated,Married,Less than $40K,Blue,44,5,3,2,8959.872883405129,1071,7888.872883405129,0.0016396767404036616,3702,76,0.0,0.6593152185885105
1860,50,M,0,College,Married,$60K - $80K,Blue,31,1,5,3,7878.866890005679,194,7684.866890005679,0.7248853211487645,1214,18,2.5577780778367245,0.08129595420801225
1861,27,F,4,Graduate,Single,Unknown,Blue,52,3,3,5,7727.909787334057,0,7727.909787334057,0.9905345841619535,1959,55,0.4321943141446823,0.7161736594005386
1862,53,F,2,Uneducated,Unknown,$60K - $80K,Blue,34,3,0,5,5972.127865500986,1988,3984.1278655009864,2.2446963576457457,1189,29,0.0,0.0
1863,26,F,3,High School,Married,$120K +,Blue,28,5,2,3,12431.668878026245,0,12431.668878026245,0.6742407462584016,2654,50,0.0,0.8682618695277974
1864,49,M,1,Graduate,Married,Less than $40K,Blue,38,4,6,1,3906.8033643023364,0,3906.8033643023364,0.712472783875187,2258,26,1.2935292960216453,0.0
1865,49,M,2,Uneducated,Married,Less than $40K,Blue,47,6,1,1,4616.188340921752,1683,2933.1883409217517,1.3766330445102675,746,12,0.5169519590961232,0.5492381891167759
1866,50,F,2,Unknown,Married,Less than $40K,Blue,46,5,2,6,25199.899632576708,691,24508.899632576708,2.7227308639713685,7625,89,0.4698403700698479,0.030120817353675777
1867,36,F,1,Unknown,Married,$80K - $120K,Blue,29,3,2,1,8222.197008906716,0,8222.197008906716,0.0,958,12,2.4329567869113258,0.3418699932673457
1868,38,M,2,High School,Married,$60K - $80K,Blue,37,3,3,3,12456.84424915345,0,12456.84424915345,2.3525246455198756,5015,74,1.129600340684646,0.6190698501304023
1869,41,M,2,Graduate,Single,Less than $40K,Blue,39,5,0,2,1438.3,0,1438.3,3.397,4901,76,0.9933041530641966,0.22726365340842258
1870,54,M,3,Graduate,Unknown,$80K - $120K,Silver,49,3,1,3,20010.672502253215,523,19487.672502253215,0.0,2577,38,1.3157035465359015,0.7156585462768642
1871,53,F,4,Graduate,Single,Unknown,Blue,27,1,2,4,1438.3,1198,240.29999999999995,0.4614604865991617,3876,54,1.1469836391093078,0.0
1872,40,M,4,Uneducated,Single,$80K - $120K,Blue,46,3,0,4,16757.747841997807,1060,15697.747841997807,0.4809695531878724,1345,15,0.0,0.0
1873,50,F,1,High School,Single,Less than $40K,Blue,26,3,3,5,6286.508564483744,902,5384.508564483744,0.6401796686118507,877,14,0.0,0.0
1874,45,M,1,High School,Married,$40K - $60K,Blue,36,4,3,3,6436.6641485066375,1349,5087.6641485066375,1.211916977188999,4052,84,2.1629853502944134,0.0
1875,58,F,3,High School,Married,Less than $40K,Blue,52,2,0,6,3722.368480602553,1232,2490.368480602553,0.0,9848,113,0.895848175500926,0.0
1876,48,F,3,Unknown,Married,Less than $40K,Blue,43,2,5,1,7861.433525498594,385,7476.433525498594,0.9054976234925719,4588,56,0.0,0.0
1877,50,F,4,High School,Single,Less than $40K,Silver,47,3,3,4,16597.589929103044,1072,15525.589929103044,0.6499605217297567,3199,33,0.0,0.0
1878,51,F,3,High School,Single,$40K - $60K,Blue,47,3,6,6,1438.3,587,851.3,2.4747097298850806,2768,59,0.6328155272236213,0.53186996967631
1879,43,F,4,Unknown,Unknown,Less than $40K,Blue,17,4,6,6,28658.202887507963,288,28370.202887507963,0.6723712714120541,1778,27,2.34837928981178,0.0
1880,58,F,2,Graduate,Married,Less than $40K,Blue,56,2,1,3,11842.566242205652,0,11842.566242205652,0.0,3181,44,1.8600395190005476,0.10898759428003517
1881,54,M,3,Graduate,Married,Unknown,Blue,37,3,3,3,4738.457112835367,1155,3583.4571128353673,0.5556735384954912,2027,38,0.0,0.3134482800031114
1882,54,F,3,Graduate,Married,$80K - $120K,Blue,33,4,2,2,1438.3,0,1438.3,0.8025120547468789,3224,30,0.9579347540809175,0.0
1883,35,M,2,Uneducated,Married,$60K - $80K,Gold,33,3,2,1,1438.3,433,1005.3,0.0,7032,79,0.6991208392877406,0.1375253118416934
1884,31,F,2,Uneducated,Divorced,Less than $40K,Blue,39,2,2,5,29987.677509643156,2186,27801.677509643156,1.6560421798012581,2355,43,0.6801211055563274,0.0
1885,29,M,3,High School,Single,Less than $40K,Blue,28,4,4,0,1438.3,100,1338.3,0.29749640518668374,3840,42,1.4452351626934834,0.03014888223237025
1886,53,F,1,College,Married,$80K - $120K,Blue,29,4,2,2,11179.572563146887,0,11179.572563146887,0.36688607175469384,1824,35,1.3824775572281172,0.03458820269216133
1887,36,M,5,Uneducated,Single,Less than $40K,Blue,39,4,0,6,8333.507951248992,0,8333.507951248992,1.4560084336414427,1373,15,1.6820364203795757,0.0
1888,57,M,5,High School,Married,$40K - $60K,Blue,37,2,1,0,21976.103926379474,0,21976.103926379474,0.4089942634107095,2682,32,0.9799391385019447,0.8322126258333473
1889,26,F,1,Unknown,Married,$60K - $80K,Blue,27,2,6,5,11486.858120373003,0,11486.858120373003,1.0079859370038213,2346,43,1.8569147200912464,0.44680955114077525
1890,56,M,3,College,Single,Less than $40K,Blue,39,2,4,2,5377.684584777548,1801,3576.6845847775476,1.745860597899182,2365,38,0.0,0.25757252602091885
1891,50,M,5,Uneducated,Married,Less than $40K,Blue,47,2,4,5,20909.683397394136,1203,19706.683397394136,0.0,2325,43,0.608135628487316,0.07475295305006541
1892,57,M,2,Unknown,Married,$60K - $80K,Blue,18,6,1,2,20019.942570642685,284,19735.942570642685,0.6855574894115889,4458,72,0.0,0.07380950533092216
1893,51,F,0,Graduate,Married,Less than $40K,Blue,45,5,2,5,1438.3,525,913.3,0.058369985721678286,6812,84,0.33272737472767805,0.0
1894,40,M,0,Unknown,Single,$80K - $120K,Blue,44,4,2,3,11970.838507509154,2184,9786.838507509154,1.7656935874902255,2961,57,0.5646154174919711,0.5129297390920183
1895,66,F,2,High School,Married,$40K - $60K,Blue,29,3,0,5,10763.377569807493,0,10763.377569807493,0.0,4147,65,0.0,0.29498592280456215
1896,63,M,2,High School,Married,Less than $40K,Blue,43,1,1,5,23801.87602828296,0,23801.87602828296,1.518280988427665,711,10,1.5750402257471054,0.28275344800625524
1897,26,M,4,Unknown,Married,$60K - $80K,Blue,46,3,2,0,6733.222306723928,1048,5685.222306723928,1.6034663742705728,2209,45,0.0,0.5809378432140793
1898,49,M,4,Graduate,Single,Unknown,Blue,33,1,5,6,5550.677063462033,1372,4178.677063462033,1.5794207710163466,3421,43,1.327878400255483,0.0
1899,37,F,1,Uneducated,Married,Less than $40K,Blue,28,3,0,5,18459.95494422252,189,18270.95494422252,2.040104719169123,987,19,1.3706642172217705,0.6420676051174616
1900,36,F,0,Graduate,Married,$120K +,Blue,43,4,2,5,13419.072126285004,752,12667.072126285004,0.7660676305543065,785,10,1.890966245839032,0.36809985795537437
1901,35,M,2,High School,Married,Less than $40K,Blue,45,2,3,3,1438.3,955,483.29999999999995,0.8375759573974021,1337,29,0.3973361525357033,0.7353455038346919
1902,49,F,2,Post-Graduate,Single,$40K - $60K,Blue,46,3,1,3,10348.14808902937,215,10133.14808902937,0.0,4791,77,0.0,0.5400802753989955
1903,29,F,4,Unknown,Married,Unknown,Blue,28,5,0,2,1438.3,2517,3.0,0.5700850210948643,5409,73,0.0,0.5270757270306831
1904,29,M,4,Uneducated,Single,$40K - $60K,Blue,13,5,6,2,16990.537526521162,0,16990.537526521162,0.45899836838418795,2974,45,0.7195687567250907,0.3127448945537267
1905,48,M,1,Graduate,Single,$60K - $80K,Silver,43,3,2,0,4926.855457764088,679,4247.855457764088,1.920684058069741,686,10,0.7339499505507154,0.021280321866182915
1906,45,M,2,Graduate,Married,$80K - $120K,Blue,33,6,4,4,15041.421372001663,2479,12562.421372001663,1.254722016574393,3512,55,0.0,0.3617554506826297
1907,45,F,5,Graduate,Married,$120K +,Blue,43,5,5,3,6713.015413410553,18,6695.015413410553,1.611905394416513,647,10,1.570131772284272,0.999
1908,60,F,2,Graduate,Married,$40K - $60K,Silver,34,1,0,2,5776.098082985913,510,5266.098082985913,1.9477517138933054,2369,32,2.35200693221773,0.8024528792071461
1909,54,F,4,Graduate,Married,Less than $40K,Silver,41,5,4,4,17131.605405546128,398,16733.605405546128,1.230805632628021,3131,58,2.0539532668034637,0.11532289456364037
1910,56,F,1,Uneducated,Single,$40K - $60K,Blue,33,3,3,4,9348.460902996962,686,8662.460902996962,1.0123519565115506,2195,56,0.0,0.0
1911,37,M,3,Unknown,Married,Less than $40K,Blue,39,2,2,3,5891.938963624758,973,4918.938963624758,1.8986797932236634,6011,81,0.0,0.0
1912,40,F,1,Graduate,Single,Less than $40K,Blue,38,3,2,6,23535.816190502817,291,23244.816190502817,0.0,7286,123,1.8757168962674622,0.6648559859562113
1913,41,M,1,Unknown,Divorced,Less than $40K,Blue,51,6,2,0,1438.3,1776,3.0,0.0,11003,139,0.0,0.2253223002097794
1914,43,F,2,Graduate,Married,Less than $40K,Blue,49,4,0,0,1438.3,0,1438.3,0.5280238399402243,3372,52,0.12998370894805839,0.40114296361651336
1915,60,M,3,Graduate,Married,$120K +,Blue,40,3,1,3,1438.3,1455,3.0,0.0,5784,71,1.4142947039529428,0.20731500519095272
1916,58,M,2,Graduate,Married,$60K - $80K,Blue,40,2,1,4,7769.77038946362,0,7769.77038946362,0.2588918648974926,1200,48,2.3579225567711104,0.4785063578943736
1917,53,F,4,College,Single,$80K - $120K,Blue,30,4,6,6,10504.85901586606,0,10504.85901586606,0.0,4779,72,0.22327171139307683,0.5030946536639306
1918,56,M,4,Unknown,Married,$60K - $80K,Blue,20,6,0,4,9204.887830382575,166,9038.887830382575,1.6018501732258068,3403,80,0.0,0.3453942296352256
1919,44,M,1,Graduate,Married,$40K - $60K,Blue,56,2,3,2,11886.17392710254,351,11535.17392710254,2.6486117152301314,5590,80,3.076461912664926,0.0
1920,66,M,0,High School,Divorced,$120K +,Blue,25,4,5,2,1438.3,0,1438.3,1.2082728817264634,2932,76,2.4032501749651107,0.999
1921,45,M,0,Unknown,Married,$80K - $120K,Blue,47,6,2,4,1438.3,1116,322.29999999999995,0.4547938868865894,2260,42,0.6786502398833993,0.36688748060083465
1922,35,F,0,High School,Married,Less than $40K,Blue,32,3,4,4,1438.3,600,838.3,0.5908728955993559,5615,59,1.0814839485232746,0.07701667021164392
1923,57,M,2,Post-Graduate,Single,$40K - $60K,Blue,26,2,5,2,1438.3,1053,385.29999999999995,0.9451438138896309,3448,40,1.0494674872144667,0.9234188092918652
1924,44,F,4,High School,Married,Less than $40K,Blue,39,4,4,2,16577.39818589029,996,15581.398185890292,1.9474935077216426,3860,95,0.0,0.27922689439786513
1925,43,F,0,High School,Single,$80K - $120K,Blue,39,3,4,3,5492.861062800509,0,5492.861062800509,0.7008343320017142,2613,35,0.0,0.09614373309775456
1926,50,F,2,College,Single,Unknown,Blue,30,3,4,3,1438.3,1398,40.299999999999955,0.5643590511536323,3278,37,2.6562189683459816,0.79910853464625
1927,51,F,2,High School,Married,Less than $40K,Blue,29,2,3,6,5819.697459755987,118,5701.697459755987,2.4419868923043753,3048,57,0.0,0.3172287672885793
1928,43,F,0,Graduate,Married,$40K - $60K,Blue,27,4,2,1,5701.627558650893,759,4942.627558650893,0.0,1465,17,1.7268089331173342,0.0
1929,38,F,1,Graduate,Married,$40K - $60K,Blue,45,3,0,3,18493.959170538954,666,17827.959170538954,0.0,5459,82,1.3888086690586279,0.25902826869680917
1930,30,M,2,Unknown,Married,Less than $40K,Blue,51,4,4,3,5988.697051965784,0,5988.697051965784,0.3007038827066469,7604,79,1.328487562120888,0.24241276609832355
1931,55,M,0,High School,Unknown,$60K - $80K,Blue,46,3,6,6,9276.51105565524,75,9201.51105565524,1.8105845158322085,3245,56,2.753589775275795,0.0
1932,39,F,2,Unknown,Single,$80K - $120K,Blue,18,3,1,4,1438.3,264,1174.3,0.0,5102,90,0.4450926534034289,0.0
1933,59,F,2,Graduate,Single,$80K - $120K,Blue,38,2,4,6,6392.225153819172,566,5826.225153819172,2.7737982350803367,1214,39,1.1460535690216216,0.0
1934,43,F,5,Uneducated,Married,$120K +,Blue,49,3,3,1,6962.823080163906,704,6258.823080163906,0.05249070791292243,4245,62,0.0,0.0
1935,47,F,4,Graduate,Single,$80K - $120K,Blue,34,5,3,4,5539.381755589744,69,5470.381755589744,1.4982679433854549,4350,62,0.0,0.0
1936,31,M,1,College,Single,Less than $40K,Blue,40,1,5,5,1438.3,896,542.3,0.0,2945,69,2.5504435764436932,0.2037574577119149
1937,45,F,2,Graduate,Single,$120K +,Blue,37,2,6,3,1438.3,224,1214.3,1.024409815872989,4758,73,0.0,0.47085240923051935
1938,43,F,2,Graduate,Married,Less than $40K,Blue,30,4,5,4,18357.822539719724,1020,17337.822539719724,1.3120193670629354,510,10,0.0,0.0
1939,52,F,4,High School,Single,Less than $40K,Blue,44,4,4,3,11102.009893814422,925,10177.009893814422,0.0,8929,108,0.0,0.0
1940,46,M,4,Unknown,Divorced,$60K - $80K,Blue,19,6,3,1,6099.980204662614,1969,4130.980204662614,0.0,827,12,1.1181634233188558,0.30154427906863207
1941,46,F,5,Uneducated,Married,Less than $40K,Blue,37,4,4,1,1438.3,2517,3.0,1.2032960893952604,3384,56,1.4521945430913412,0.5255579017989258
1942,40,M,2,Doctorate,Married,$120K +,Blue,36,2,4,4,22246.012816776238,1522,20724.012816776238,0.21509682986312367,4300,65,0.7834298292751256,0.46314669814770276
1943,61,F,0,High School,Married,$40K - $60K,Gold,55,5,1,5,19932.853931393776,1095,18837.853931393776,0.19702085033754224,2652,43,1.3464894821037339,0.0
1944,53,F,5,Graduate,Married,$60K - $80K,Blue,40,3,5,6,1438.3,1141,297.29999999999995,0.0,3926,74,1.7613242326687844,0.019992313704100095
1945,42,M,4,Graduate,Single,$80K - $120K,Blue,48,4,0,4,8852.835250743563,844,8008.835250743563,2.9206083849428195,5844,67,0.5579120330601351,0.7957816894074349
1946,34,F,2,Graduate,Divorced,Less than $40K,Blue,20,4,4,6,1438.3,2222,3.0,0.445905832766731,4070,51,1.4337631648318272,0.3110748073546509
1947,38,M,2,Uneducated,Married,$40K - $60K,Blue,35,4,1,5,10213.15373536088,331,9882.15373536088,0.0,5138,76,0.0,0.0
1948,36,F,2,Graduate,Unknown,Less than $40K,Blue,41,5,2,3,8567.703287795626,1558,7009.703287795626,0.0,1892,44,2.438617648616314,0.0
1949,50,M,4,Graduate,Unknown,Unknown,Blue,33,5,6,4,8415.583967683353,2275,6140.583967683353,1.3947128710491867,7445,92,1.841111753642311,0.059741172830830025
1950,40,M,1,Doctorate,Married,Unknown,Blue,30,6,0,3,17601.77041243163,687,16914.77041243163,0.0,1734,29,1.6297572304543184,0.4792839787998842
1951,36,F,0,Unknown,Married,Less than $40K,Blue,36,6,4,6,6357.901318297092,0,6357.901318297092,0.27396255602785247,3829,80,0.4013922412706308,0.03472389509815499
1952,49,F,0,Graduate,Married,$60K - $80K,Blue,19,4,2,4,3583.661643294068,298,3285.661643294068,0.0,6870,115,0.08101544604844457,0.0
1953,40,M,3,Uneducated,Married,$60K - $80K,Blue,46,3,2,2,1438.3,254,1184.3,0.0,3881,59,1.2864614763772475,0.2121256401275019
1954,51,M,1,Post-Graduate,Married,Less than $40K,Blue,26,4,4,3,19794.506743868653,0,19794.506743868653,0.0,2376,68,2.041846115804101,0.42390887936468347
1955,51,F,3,Graduate,Single,Less than $40K,Blue,39,4,2,0,13531.129120684647,2517,11014.129120684647,0.1937601417187712,5335,72,1.2998845419701053,0.0
1956,32,F,0,Uneducated,Married,Less than $40K,Blue,25,5,5,2,1438.3,0,1438.3,2.269104164637369,2108,49,1.0184267631059496,0.3523765083540728
1957,42,M,2,Unknown,Married,$40K - $60K,Blue,56,5,4,3,9460.006347416605,0,9460.006347416605,1.12261821325238,1840,27,0.288730582201199,0.03714526353763735
1958,62,M,0,High School,Single,$120K +,Blue,42,5,2,3,10236.944400913415,509,9727.944400913415,1.8747347342499054,7456,86,1.6260451391288058,0.00906996190748438
1959,47,F,2,Uneducated,Single,Less than $40K,Blue,33,3,5,0,24816.618110192117,0,24816.618110192117,1.1373389668999163,830,10,0.48063561574412916,0.0
1960,48,F,5,Doctorate,Single,$40K - $60K,Blue,33,3,0,3,3721.340138489444,698,3023.340138489444,1.5456576375072797,5701,74,1.804249188606522,0.0
1961,39,F,1,Graduate,Married,Less than $40K,Blue,54,5,1,1,1438.3,847,591.3,0.3530335537719236,1174,21,0.40579221923035924,0.7833678639487361
1962,34,M,5,Post-Graduate,Unknown,$80K - $120K,Blue,33,6,4,2,3091.049484617677,2110,981.0494846176771,1.0358981549426327,4631,65,1.7990196636193487,0.0998347796800221
1963,46,M,2,Uneducated,Married,Unknown,Blue,44,5,3,2,8654.638005954179,2517,6137.638005954179,1.5071173180783768,5882,72,1.6198833353632662,0.5617253506872613
1964,54,M,5,Uneducated,Married,$60K - $80K,Blue,24,5,2,3,8557.534464469329,327,8230.534464469329,0.0,4468,64,1.2299502779040772,0.40542438302665684
1965,38,F,2,High School,Married,Less than $40K,Blue,41,5,1,4,11996.765395550283,974,11022.765395550283,1.3916689116878573,4543,88,1.2944761459479357,0.5132977181670628
1966,45,M,3,High School,Married,Unknown,Blue,42,2,6,0,18269.800202634622,745,17524.800202634622,1.0850592353006232,3301,44,0.6934284973508971,0.0
1967,62,F,1,Uneducated,Married,$60K - $80K,Blue,20,3,4,6,2696.7365154591434,162,2534.7365154591434,0.14325964004422798,2644,39,0.9236587302403256,0.5555362729343147
1968,48,M,2,Graduate,Married,Less than $40K,Blue,26,3,3,3,8846.148013587293,0,8846.148013587293,0.8816795936924599,2618,55,1.0421988079669315,0.16720749025229578
1969,40,F,3,High School,Single,Less than $40K,Blue,42,5,1,4,4348.951505431893,0,4348.951505431893,0.0,2336,66,0.0,0.21724998610214039
1970,39,M,1,High School,Married,$60K - $80K,Blue,49,5,4,4,9455.643324251578,0,9455.643324251578,0.0,2204,32,2.8205650718692437,0.04460231143096356
1971,47,M,3,Graduate,Married,$80K - $120K,Blue,25,6,4,2,7765.0175077110025,833,6932.0175077110025,0.47783628488062346,3490,68,0.0,0.5722352561007935
1972,57,F,2,College,Married,$120K +,Blue,27,3,4,2,7653.56503689649,0,7653.56503689649,0.3379863872240596,3847,58,1.520491409459972,0.3193445404209444
1973,33,M,4,Unknown,Married,Less than $40K,Blue,30,4,1,3,5872.238050717049,627,5245.238050717049,0.0,2118,54,0.49112525288412645,0.630768330623128
1974,44,F,4,Unknown,Single,$40K - $60K,Silver,52,5,6,3,29026.253844066636,0,29026.253844066636,1.7656084368983014,630,10,1.834726808792268,0.49222425257336355
1975,55,F,3,Uneducated,Married,$80K - $120K,Blue,56,5,3,6,12303.706688780896,720,11583.706688780896,1.1388843793552936,2034,42,0.6097096927372045,0.0
1976,47,F,1,High School,Single,$40K - $60K,Blue,40,2,3,4,6416.783105412309,0,6416.783105412309,1.6976437329976846,2260,34,0.8970657719638826,0.8912412503666928
1977,35,M,4,Unknown,Married,$80K - $120K,Blue,29,1,2,0,17640.821170778498,20,17620.821170778498,0.0,2379,49,0.0,0.0
1978,43,F,0,High School,Married,$120K +,Blue,25,2,0,5,11225.617086096776,0,11225.617086096776,0.0,4645,62,0.0,0.0
1979,42,F,0,Graduate,Married,Unknown,Blue,36,3,1,3,1438.3,461,977.3,0.0,4357,61,1.0923121576627333,0.0
1980,37,F,2,Unknown,Single,Less than $40K,Blue,32,4,5,1,5701.619574643464,1335,4366.619574643464,0.0,2106,30,0.0,0.0
1981,55,F,0,Graduate,Single,Less than $40K,Blue,52,5,0,3,18014.189854719465,846,17168.189854719465,0.0,1956,55,1.400033212335407,0.46972742505753057
1982,50,M,1,High School,Single,$40K - $60K,Silver,40,4,3,6,23063.69865453548,748,22315.69865453548,3.1864519672222507,2271,33,0.5775051492953469,0.44691288603677604
1983,38,M,4,Graduate,Single,$40K - $60K,Blue,36,5,1,1,8699.677136676612,777,7922.677136676612,0.0,6657,79,0.8349447655358875,0.5267536914135976
1984,56,M,3,High School,Married,$80K - $120K,Blue,30,4,2,3,5250.185599702963,672,4578.185599702963,1.0890007569953086,6046,82,0.0,0.47940794967341815
1985,46,M,0,High School,Married,$80K - $120K,Blue,34,4,3,2,5400.557180354905,550,4850.557180354905,2.394826297438637,4571,49,0.0,0.12720018982824755
1986,43,F,3,Unknown,Married,$40K - $60K,Blue,33,1,4,2,24759.95901388038,2517,22242.95901388038,1.6158193396817477,1724,22,0.0,0.0
1987,36,F,3,Uneducated,Married,Unknown,Blue,31,6,0,2,28533.4570917765,721,27812.4570917765,0.0,1335,21,0.0,0.1916605201418527
1988,52,F,1,Uneducated,Married,Unknown,Blue,31,5,2,5,1438.3,2003,3.0,0.9146023186276427,1037,16,0.6042680835056861,0.2043512107367575
1989,48,M,3,Unknown,Divorced,$60K - $80K,Blue,38,4,0,4,11408.950586813331,494,10914.950586813331,0.0,4127,64,0.1514584760018738,0.2952922530105697
1990,56,F,3,High School,Married,Unknown,Blue,40,5,3,5,18433.122494105646,0,18433.122494105646,1.3811407803886888,1212,28,0.0,0.0
1991,54,F,3,Graduate,Married,$60K - $80K,Blue,23,5,6,3,14148.654648752854,1326,12822.654648752854,2.227391777049739,4451,76,0.7094856480579035,0.7392589333520211
1992,52,M,1,Graduate,Single,$40K - $60K,Blue,40,5,4,2,1438.3,194,1244.3,0.0,2396,60,0.10103538258935307,0.30452488575640346
1993,36,F,3,Unknown,Married,Less than $40K,Blue,46,5,2,6,1438.3,1996,3.0,0.8404332774937272,906,13,1.7592466256076196,0.7715148211256321
1994,44,F,5,College,Unknown,$40K - $60K,Blue,43,4,5,2,10143.908427202143,1284,8859.908427202143,0.0,3829,54,0.34242826615815536,0.4339426505876506
1995,46,F,3,Graduate,Unknown,Less than $40K,Blue,32,6,2,3,28440.128620038708,0,28440.128620038708,1.2531744217839629,1883,20,0.0,0.05339355347242476
1996,47,F,0,Graduate,Single,$120K +,Blue,43,2,1,5,22480.926504267572,1862,20618.926504267572,0.4764570875929227,2255,32,0.0,0.15471631885391535
1997,40,F,3,High School,Married,$60K - $80K,Blue,41,4,3,2,1438.3,1012,426.29999999999995,0.15604909534888145,7251,87,1.2773802675469756,0.30895479807769155
1998,41,M,2,Graduate,Married,Less than $40K,Blue,37,6,1,1,22834.78323548637,0,22834.78323548637,0.3671061377344273,6701,88,0.38908105340264876,0.0
1999,45,F,3,Doctorate,Married,Less than $40K,Blue,28,3,4,0,16624.455752688005,752,15872.455752688005,0.1322411084545272,7729,100,0.3929839509636548,0.28103939139434286
2000,42,M,2,High School,Married,$40K - $60K,Blue,26,2,2,2,12122.721581767546,1700,10422.721581767546,2.6764834935255557,869,14,0.03309361561875923,0.6037651436308413
